,gamepk,game_time,stadium,time_zone,field_type,roof_type,weather_sky,temperature,wind,attendance,game_duration,away_final_score,home_final_score,innings_final,pitch_start_time,pitch_end_time,total_half_inning_runs,runs_to_start,runs_to_end,inning,is_top_inning,away_score,home_score,batter,bat_side,pitcher,pitch_hand,pitch_result,pitch_result_code,pitch_type_code,pitch_type_description,balls,strikes,outs,pitch_index,pitch_start_speed,pitch_end_speed,strike_zone_top,strike_zone_bottom,zone,type_confidence,plate_time,extension,px_min,px_max,pz_min,pz_max,px,pz,breaks_angle,breaks_length,breaks_y,break_vertical,break_vertical_induced,break_horizontal,spin_rate,spin_direction,is_first_base,is_second_base,is_third_base,umpire_run_favor,umpire_wp_favor,batted_ball_xba,batted_ball_xslg,at_bat_event,at_bat_event_type,at_bat_description,at_bat_scorebook_notation,at_bat_rbi,batted_ball_launch_speed,batted_ball_launch_angle,batted_ball_total_distance,batted_ball_trajectory,batted_ball_hardness,batted_ball_location,batted_ball_coordinates_x,batted_ball_coordinates_y
0,748542,2023-10-28T00:05:00Z,Globe Life Field,-5,Artificial Turf,Retractable,Roof Closed,73,"0 mph, None",42472,242,5,6,11,2023-10-28T00:07:02.671Z,2023-10-28T00:07:05.671Z,0,0,0,1,True,0,0,Corbin Carroll,Left,Nathan Eovaldi,Right,Foul,F,FF,Four-Seam Fastball,0,0,0,3,95.2,86.7,3.11927173535723,1.48928225615321,1,0.93,0.3961687146613784,6.672172540123072,0.8293574046427954,-0.8293574046427954,1.3682581848437478,3.2402958066666923,-0.4505179899359127,2.7356348361105147,34.8,4.8,24.0,-15.6,14.8,10.9,2195,226,False,False,False,0.0,0.0,,,,,,,,,,,,,,,
1,748542,2023-10-28T00:05:00Z,Globe Life Field,-5,Artificial Turf,Retractable,Roof Closed,73,"0 mph, None",42472,242,5,6,11,2023-10-28T00:07:21.709Z,2023-10-28T00:07:24.709Z,0,0,0,1,True,0,0,Corbin Carroll,Left,Nathan Eovaldi,Right,Swinging Strike,S,FF,Four-Seam Fastball,0,1,0,4,95.5,87.6,3.12,1.49,1,0.92,0.39352696863225045,6.677184655560838,0.8293574046427954,-0.8293574046427954,1.3689759286905379,3.2410240713094622,-0.2946380385858221,3.1692899148069413,36.0,4.8,24.0,-16.4,13.4,12.0,2167,233,False,False,False,0.0,0.0,,,,,,,,,,,,,,,
2,748542,2023-10-28T00:05:00Z,Globe Life Field,-5,Artificial Turf,Retractable,Roof Closed,73,"0 mph, None",42472,242,5,6,11,2023-10-28T00:07:37.890Z,2023-10-28T00:07:44.978Z,0,0,0,1,True,0,0,Corbin Carroll,Left,Nathan Eovaldi,Right,"In play, out(s)",X,FS,Splitter,0,2,0,5,89.0,82.3,3.12,1.49,8,0.91,0.4222602979707517,6.6467875370891205,0.8293574046427954,-0.8293574046427954,1.3689759286905379,3.2410240713094622,0.10275097814595475,1.6500352329470367,24.0,8.4,24.0,-35.0,-0.6,15.2,1765,236,False,False,False,0.0,0.0,0.1642857142857142,0.175,Groundout,field_out,"Corbin Carroll grounds out sharply, first baseman Nathaniel Lowe to pitcher Nathan Eovaldi.",3-1,0.0,108.1,-17.0,7.0,ground_ball,hard,3,173.7,155.08
3,748542,2023-10-28T00:05:00Z,Globe Life Field,-5,Artificial Turf,Retractable,Roof Closed,73,"0 mph, None",42472,242,5,6,11,2023-10-28T00:08:17.263Z,2023-10-28T00:08:21.545Z,0,0,0,1,True,0,0,Ketel Marte,Left,Nathan Eovaldi,Right,Foul,F,CU,Curveball,0,0,1,0,76.5,70.6,3.58,1.71,9,0.88,0.49229379178702093,6.504511202907352,0.8293574046427954,-0.8293574046427954,1.5889759286905378,3.701024071309462,0.5799736321764329,2.337081477900748,9.6,12.0,24.0,-52.0,-5.2,-8.5,1791,39,False,False,False,0.0,0.0,,,,,,,,,,,,,,,
4,748542,2023-10-28T00:05:00Z,Globe Life Field,-5,Artificial Turf,Retractable,Roof Closed,73,"0 mph, None",42472,242,5,6,11,2023-10-28T00:08:47.424Z,2023-10-28T00:08:50.538Z,0,0,0,1,True,0,0,Ketel Marte,Left,Nathan Eovaldi,Right,Swinging Strike,S,FS,Splitter,0,1,1,1,89.0,82.3,3.58,1.71,14,0.9,0.422364994098801,6.662709314198571,0.8293574046427954,-0.8293574046427954,1.5889759286905378,3.701024071309462,0.43463228119745345,1.4045637423020607,20.4,8.4,24.0,-34.0,0.5,12.4,1530,233,False,False,False,0.0,0.0,,,,,,,,,,,,,,,
5,748542,2023-10-28T00:05:00Z,Globe Life Field,-5,Artificial Turf,Retractable,Roof Closed,73,"0 mph, None",42472,242,5,6,11,2023-10-28T00:09:14.295Z,2023-10-28T00:09:18.912Z,0,0,0,1,True,0,0,Ketel Marte,Left,Nathan Eovaldi,Right,Ball,B,FS,Splitter,0,2,1,3,86.9,80.2,3.55397792741453,1.76404596598829,13,0.91,0.43249428372222365,6.4586157997063,0.8293574046427954,-0.8293574046427954,1.643021894678828,3.675001998723992,-1.311060725113602,1.6644428399305462,20.4,8.4,24.0,-35.3,0.8,13.3,1610,236,False,False,False,0.0,0.0,,,,,,,,,,,,,,,
6,748542,2023-10-28T00:05:00Z,Globe Life Field,-5,Artificial Turf,Retractable,Roof Closed,73,"0 mph, None",42472,242,5,6,11,2023-10-28T00:09:32.705Z,2023-10-28T00:09:37.911Z,0,0,0,1,True,0,0,Ketel Marte,Left,Nathan Eovaldi,Right,Foul,F,FF,Four-Seam Fastball,1,2,1,4,97.7,89.4,3.58,1.71,5,0.93,0.38543147329433625,6.50974527919931,0.8293574046427954,-0.8293574046427954,1.5889759286905378,3.701024071309462,-0.1505985381264769,2.404011581217546,43.2,4.8,24.0,-15.1,13.6,13.8,2283,233,False,False,False,0.0,0.0,,,,,,,,,,,,,,,
7,748542,2023-10-28T00:05:00Z,Globe Life Field,-5,Artificial Turf,Retractable,Roof Closed,73,"0 mph, None",42472,242,5,6,11,2023-10-28T00:09:55.987Z,2023-10-28T00:09:59.055Z,0,0,0,1,True,0,0,Ketel Marte,Left,Nathan Eovaldi,Right,Ball,B,FS,Splitter,1,2,1,5,84.8,78.3,3.52723841126292,1.70907005881951,14,0.91,0.4441621333119019,6.804553780333064,0.8293574046427954,-0.8293574046427954,1.5880459875100479,3.648262482572382,0.15945533164569073,0.33475871638202087,19.2,8.4,24.0,-36.4,1.7,12.1,1674,242,False,False,False,0.0,0.0,,,,,,,,,,,,,,,
8,748542,2023-10-28T00:05:00Z,Globe Life Field,-5,Artificial Turf,Retractable,Roof Closed,73,"0 mph, None",42472,242,5,6,11,2023-10-28T00:10:19.389Z,2023-10-28T00:10:26.474Z,0,0,0,1,True,0,0,Ketel Marte,Left,Nathan Eovaldi,Right,"In play, out(s)",X,CU,Curveball,2,2,1,6,77.8,71.3,3.58,1.71,14,0.88,0.48656369704425373,6.955352912778506,0.8293574046427954,-0.8293574046427954,1.5889759286905378,3.701024071309462,0.4504995668904101,1.2101917097099177,7.2,13.2,24.0,-56.8,-11.0,-7.2,2036,39,False,False,False,0.0,0.0,0.1147540983606557,0.1266766020864381,Groundout,field_out,"Ketel Marte grounds out, first baseman Nathaniel Lowe to pitcher Nathan Eovaldi.",3-1,0.0,78.7,-4.0,20.0,ground_ball,medium,3,149.08,176.79
9,748542,2023-10-28T00:05:00Z,Globe Life Field,-5,Artificial Turf,Retractable,Roof Closed,73,"0 mph, None",42472,242,5,6,11,2023-10-28T00:10:55.790Z,2023-10-28T00:10:59.489Z,0,0,0,1,True,0,0,Gabriel Moreno,Right,Nathan Eovaldi,Right,Ball,B,FF,Four-Seam Fastball,0,0,2,0,96.8,88.9,3.3668406248411,1.55080460571316,12,0.93,0.3886214347697021,6.754514300458743,0.8293574046427954,-0.8293574046427954,1.4297805344036978,3.487864696150562,1.0752005420176243,3.144207067734996,38.4,4.8,24.0,-15.0,14.2,11.8,2179,230,False,False,False,0.0,0.0,,,,,,,,,,,,,,,
10,748542,2023-10-28T00:05:00Z,Globe Life Field,-5,Artificial Turf,Retractable,Roof Closed,73,"0 mph, None",42472,242,5,6,11,2023-10-28T00:11:13.350Z,2023-10-28T00:11:16.961Z,0,0,0,1,True,0,0,Gabriel Moreno,Right,Nathan Eovaldi,Right,Called Strike,C,FF,Four-Seam Fastball,1,0,2,1,96.9,88.7,3.31242693993526,1.44329132260264,14,0.93,0.3890599024208772,6.803434547304559,0.8293574046427954,-0.8293574046427954,1.322267251293178,3.4334510112447223,0.8929424681854216,2.3075118679482918,40.8,4.8,24.0,-15.8,13.3,13.6,2176,235,False,False,False,0.0397925370437949,0.0037879553774052,,,,,,,,,,,,,,,
11,748542,2023-10-28T00:05:00Z,Globe Life Field,-5,Artificial Turf,Retractable,Roof Closed,73,"0 mph, None",42472,242,5,6,11,2023-10-28T00:11:30.572Z,2023-10-28T00:11:33.717Z,0,0,0,1,True,0,0,Gabriel Moreno,Right,Nathan Eovaldi,Right,Ball,B,FC,Cutter,1,1,2,2,91.0,83.5,3.31362528804839,1.49770847902759,14,0.91,0.4148158066607954,6.703262862036632,0.8293574046427954,-0.8293574046427954,1.376684407718128,3.434649359357852,1.8347623135064486,1.7477550229785666,8.4,6.0,24.0,-26.4,6.8,-3.8,2408,182,False,False,False,0.0,0.0,,,,,,,,,,,,,,,
12,748542,2023-10-28T00:05:00Z,Globe Life Field,-5,Artificial Turf,Retractable,Roof Closed,73,"0 mph, None",42472,242,5,6,11,2023-10-28T00:11:50.623Z,2023-10-28T00:11:54.021Z,0,0,0,1,True,0,0,Gabriel Moreno,Right,Nathan Eovaldi,Right,Swinging Strike,S,FS,Splitter,2,1,2,3,88.8,82.1,3.34,1.54,8,0.91,0.4229538931909804,7.021573393890747,0.8293574046427954,-0.8293574046427954,1.418975928690538,3.461024071309462,0.23591832136157184,1.719299619834082,20.4,8.4,24.0,-34.1,0.5,12.6,1617,237,False,False,False,0.0,0.0,,,,,,,,,,,,,,,
13,748542,2023-10-28T00:05:00Z,Globe Life Field,-5,Artificial Turf,Retractable,Roof Closed,73,"0 mph, None",42472,242,5,6,11,2023-10-28T00:12:22.454Z,2023-10-28T00:12:25.454Z,0,0,0,1,True,0,0,Gabriel Moreno,Right,Nathan Eovaldi,Right,Ball,B,FC,Cutter,2,2,2,5,90.6,83.4,3.20674125934959,1.47105982167889,14,0.88,0.4160433837111315,6.870387620503522,0.8293574046427954,-0.8293574046427954,1.3500357503694278,3.327765330659052,1.986754962898688,1.5411231896883493,10.8,6.0,24.0,-27.2,6.2,-5.5,2333,175,False,False,False,0.0,0.0,,,,,,,,,,,,,,,
14,748542,2023-10-28T00:05:00Z,Globe Life Field,-5,Artificial Turf,Retractable,Roof Closed,73,"0 mph, None",42472,242,5,6,11,2023-10-28T00:12:37.757Z,2023-10-28T00:12:42.789Z,0,0,0,1,True,0,0,Gabriel Moreno,Right,Nathan Eovaldi,Right,Swinging Strike,S,FS,Splitter,3,2,2,6,88.2,81.6,3.34,1.54,13,0.91,0.4257141607010375,6.572080084961827,0.8293574046427954,-0.8293574046427954,1.418975928690538,3.461024071309462,-0.09745719821589592,1.5104469553936568,22.8,8.4,24.0,-32.8,2.3,13.2,1626,237,False,False,False,0.0,0.0,0.0,0.0,Strikeout,strikeout,Gabriel Moreno strikes out swinging.,Ks,0.0,,,,,,,,
15,748542,2023-10-28T00:05:00Z,Globe Life Field,-5,Artificial Turf,Retractable,Roof Closed,73,"0 mph, None",42472,242,5,6,11,2023-10-28T00:15:54.701Z,2023-10-28T00:15:58.685Z,2,0,2,1,False,0,0,Marcus Semien,Right,Zac Gallen,Right,Ball,B,FF,Four-Seam Fastball,0,0,0,0,95.1,86.5,3.34035068559147,1.63096786661962,14,0.92,0.39903045431394224,6.60304855059808,0.8293574046427954,-0.8293574046427954,1.5099437953101578,3.4613747569009323,2.1926523702914937,1.3262364605511412,15.6,3.6,24.0,-13.3,17.5,3.5,2280,202,False,False,False,0.0,0.0,,,,,,,,,,,,,,,
16,748542,2023-10-28T00:05:00Z,Globe Life Field,-5,Artificial Turf,Retractable,Roof Closed,73,"0 mph, None",42472,242,5,6,11,2023-10-28T00:16:09.521Z,2023-10-28T00:16:13.674Z,2,0,2,1,False,0,0,Marcus Semien,Right,Zac Gallen,Right,Called Strike,C,FF,Four-Seam Fastball,1,0,0,1,94.9,86.5,3.34035068559147,1.57766084650001,6,0.92,0.3981825504665264,6.503658062595242,0.8293574046427954,-0.8293574046427954,1.4566367751905478,3.4613747569009323,0.7393710521932294,2.22444709386832,12.0,3.6,24.0,-14.5,16.1,3.1,2226,202,False,False,False,0.0,0.0,,,,,,,,,,,,,,,
17,748542,2023-10-28T00:05:00Z,Globe Life Field,-5,Artificial Turf,Retractable,Roof Closed,73,"0 mph, None",42472,242,5,6,11,2023-10-28T00:16:24.528Z,2023-10-28T00:16:28.697Z,2,0,2,1,False,0,0,Marcus Semien,Right,Zac Gallen,Right,Foul,F,SL,Slider,1,1,0,2,89.9,82.9,3.25,1.55,2,2.0,0.41780251083477227,6.431525911870631,0.8293574046427954,-0.8293574046427954,1.428975928690538,3.371024071309462,0.19825757452692522,2.962076739138614,10.8,6.0,24.0,-24.5,9.2,-4.9,2474,172,False,False,False,0.0,0.0,,,,,,,,,,,,,,,
18,748542,2023-10-28T00:05:00Z,Globe Life Field,-5,Artificial Turf,Retractable,Roof Closed,73,"0 mph, None",42472,242,5,6,11,2023-10-28T00:16:44.169Z,2023-10-28T00:16:52.036Z,2,0,2,1,False,0,0,Marcus Semien,Right,Zac Gallen,Right,"In play, out(s)",X,CH,Changeup,1,2,0,3,88.2,80.9,3.25,1.55,7,0.88,0.4269574291628131,6.642788997802223,0.8293574046427954,-0.8293574046427954,1.428975928690538,3.371024071309462,-0.7156267210069056,2.0093971993235566,27.6,7.2,24.0,-26.9,8.3,13.7,1599,236,False,False,False,0.0,0.0,0.1976744186046511,0.2093023255813953,Groundout,field_out,"Marcus Semien grounds out, shortstop Geraldo Perdomo to first baseman Christian Walker.",6-3,0.0,57.0,19.0,122.0,ground_ball,medium,6,105.88,143.91
19,748542,2023-10-28T00:05:00Z,Globe Life Field,-5,Artificial Turf,Retractable,Roof Closed,73,"0 mph, None",42472,242,5,6,11,2023-10-28T00:17:21.675Z,2023-10-28T00:17:25.605Z,2,0,2,1,False,0,0,Corey Seager,Left,Zac Gallen,Right,Ball,B,FC,Cutter,0,0,1,0,93.5,85.8,3.50074115827721,1.57766084650001,12,0.67,0.4019457128122137,6.408236691261784,0.8293574046427954,-0.8293574046427954,1.4566367751905478,3.6217652295866722,0.2864852137546658,4.062058410796575,3.6,3.6,24.0,-16.7,14.5,-1.1,2417,192,False,False,False,0.0,0.0,,,,,,,,,,,,,,,
20,748542,2023-10-28T00:05:00Z,Globe Life Field,-5,Artificial Turf,Retractable,Roof Closed,73,"0 mph, None",42472,242,5,6,11,2023-10-28T00:17:37.096Z,2023-10-28T00:17:40.888Z,2,0,2,1,False,0,0,Corey Seager,Left,Zac Gallen,Right,Ball,B,FC,Cutter,1,0,1,1,91.6,84.4,3.52747940092535,1.5510089802602,12,0.9,0.4102093636691606,6.453001420033696,0.8293574046427954,-0.8293574046427954,1.429984908950738,3.648503472234812,0.860156994468102,3.257031217884738,8.4,4.8,24.0,-21.2,11.2,-3.4,2411,180,False,False,False,0.0,0.0,,,,,,,,,,,,,,,
21,748542,2023-10-28T00:05:00Z,Globe Life Field,-5,Artificial Turf,Retractable,Roof Closed,73,"0 mph, None",42472,242,5,6,11,2023-10-28T00:17:54.770Z,2023-10-28T00:18:00.727Z,2,0,2,1,False,0,0,Corey Seager,Left,Zac Gallen,Right,Ball,B,FF,Four-Seam Fastball,2,0,1,2,95.3,86.8,3.60770559250685,1.60431380483747,12,0.92,0.3964406239711309,6.459122605075851,0.8293574046427954,-0.8293574046427954,1.483289733528008,3.728729663816312,1.2980422930462925,3.2143290593774467,18.0,3.6,24.0,-13.1,17.3,4.1,2371,202,False,False,False,0.0,0.0,,,,,,,,,,,,,,,
22,748542,2023-10-28T00:05:00Z,Globe Life Field,-5,Artificial Turf,Retractable,Roof Closed,73,"0 mph, None",42472,242,5,6,11,2023-10-28T00:18:11.491Z,2023-10-28T00:18:14.681Z,2,0,2,1,False,0,0,Corey Seager,Left,Zac Gallen,Right,Called Strike,C,FF,Four-Seam Fastball,3,0,1,3,95.5,86.9,3.66119943919646,1.57766084650001,4,0.92,0.3952016504827629,6.51931030926825,0.8293574046427954,-0.8293574046427954,1.4566367751905478,3.782223510505922,-0.6909318886270865,2.7906149806382556,14.4,3.6,24.0,-13.1,17.0,3.4,2290,209,False,False,False,0.0,0.0,,,,,,,,,,,,,,,
23,748542,2023-10-28T00:05:00Z,Globe Life Field,-5,Artificial Turf,Retractable,Roof Closed,73,"0 mph, None",42472,242,5,6,11,2023-10-28T00:18:26.873Z,2023-10-28T00:18:29.873Z,2,0,2,1,False,0,0,Corey Seager,Left,Zac Gallen,Right,Foul,F,FC,Cutter,3,1,1,4,92.1,84.7,3.47,1.52,3,0.9,0.40811887107498235,6.370355342698972,0.8293574046427954,-0.8293574046427954,1.3989759286905379,3.5910240713094623,0.5937371257610345,3.0402079661108505,7.2,4.8,24.0,-20.0,12.1,-2.4,2369,197,False,False,False,0.0,0.0,,,,,,,,,,,,,,,
24,748542,2023-10-28T00:05:00Z,Globe Life Field,-5,Artificial Turf,Retractable,Roof Closed,73,"0 mph, None",42472,242,5,6,11,2023-10-28T00:18:49.398Z,2023-10-28T00:18:54.613Z,2,0,2,1,False,0,0,Corey Seager,Left,Zac Gallen,Right,Ball,B,KC,Knuckle Curve,3,2,1,5,81.9,75.7,3.52747940092535,1.57766084650001,14,0.9,0.46097087094440203,6.54686304026841,0.8293574046427954,-0.8293574046427954,1.4566367751905478,3.648503472234812,0.4297897777275139,0.4807504541664409,4.8,12.0,24.0,-52.6,-11.5,-5.2,2396,35,False,False,False,0.0,0.0,,,Walk,walk,Corey Seager walks.,BB,0.0,,,,,,,,
25,748542,2023-10-28T00:05:00Z,Globe Life Field,-5,Artificial Turf,Retractable,Roof Closed,73,"0 mph, None",42472,242,5,6,11,2023-10-28T00:19:20.444Z,2023-10-28T00:19:24.372Z,2,0,2,1,False,0,0,Evan Carter,Left,Zac Gallen,Right,Called Strike,C,FF,Four-Seam Fastball,0,0,1,0,95.8,86.9,3.66119943919646,1.76425512934065,8,0.93,0.39505216759536976,6.58533835866956,0.8293574046427954,-0.8293574046427954,1.643231058031188,3.782223510505922,0.03045943920049498,2.0978292690724523,19.2,2.4,24.0,-10.9,19.2,3.8,2250,205,True,False,False,0.0,0.0,,,,,,,,,,,,,,,
26,748542,2023-10-28T00:05:00Z,Globe Life Field,-5,Artificial Turf,Retractable,Roof Closed,73,"0 mph, None",42472,242,5,6,11,2023-10-28T00:19:43.915Z,2023-10-28T00:19:46.915Z,2,0,2,1,False,0,0,Evan Carter,Left,Zac Gallen,Right,Ball,B,FF,Four-Seam Fastball,0,1,1,1,94.9,86.1,3.66119943919646,1.7375953776364,12,0.91,0.3977729149877751,6.268313748324008,0.8293574046427954,-0.8293574046427954,1.6165713063269378,3.782223510505922,0.08399797126577976,5.2494254326032035,7.2,2.4,24.0,-13.0,17.5,1.7,2151,203,True,False,False,0.0,0.0,,,,,,,,,,,,,,,
27,748542,2023-10-28T00:05:00Z,Globe Life Field,-5,Artificial Turf,Retractable,Roof Closed,73,"0 mph, None",42472,242,5,6,11,2023-10-28T00:20:06.516Z,2023-10-28T00:20:10.476Z,2,0,2,1,False,0,0,Evan Carter,Left,Zac Gallen,Right,Ball,B,CH,Changeup,1,1,1,2,88.0,80.9,3.68794932857356,1.81757816366129,11,0.91,0.4270996797785789,6.5292534723813915,0.8293574046427954,-0.8293574046427954,1.6965540923518279,3.808973399883022,-1.5812983506445504,3.1549663051750736,25.2,8.4,24.0,-32.0,3.1,15.2,1491,230,True,False,False,0.0,0.0,,,,,,,,,,,,,,,
28,748542,2023-10-28T00:05:00Z,Globe Life Field,-5,Artificial Turf,Retractable,Roof Closed,73,"0 mph, None",42472,242,5,6,11,2023-10-28T00:20:28.613Z,2023-10-28T00:20:31.613Z,2,0,2,1,False,0,0,Evan Carter,Left,Zac Gallen,Right,Foul,F,FF,Four-Seam Fastball,2,1,1,3,95.7,87.1,3.6,1.72,5,0.93,0.3946454679139526,6.663894773978541,0.8293574046427954,-0.8293574046427954,1.5989759286905378,3.7210240713094622,-0.03857296225305217,2.562470450982731,8.4,2.4,24.0,-12.2,17.8,1.8,1997,205,True,False,False,0.0,0.0,,,,,,,,,,,,,,,
29,748542,2023-10-28T00:05:00Z,Globe Life Field,-5,Artificial Turf,Retractable,Roof Closed,73,"0 mph, None",42472,242,5,6,11,2023-10-28T00:20:58.429Z,2023-10-28T00:21:02.699Z,2,0,2,1,False,0,0,Evan Carter,Left,Zac Gallen,Right,Foul,F,FF,Four-Seam Fastball,2,2,1,4,95.6,87.3,3.6,1.72,7,0.93,0.3946828197661709,6.5528143136332035,0.8293574046427954,-0.8293574046427954,1.5989759286905378,3.7210240713094622,-0.8460823737126926,1.8582418113331665,9.6,2.4,24.0,-12.7,17.3,2.0,2299,203,True,False,False,0.0,0.0,,,,,,,,,,,,,,,
30,748542,2023-10-28T00:05:00Z,Globe Life Field,-5,Artificial Turf,Retractable,Roof Closed,73,"0 mph, None",42472,242,5,6,11,2023-10-28T00:21:48.922Z,2023-10-28T00:22:03.455Z,2,0,2,1,False,0,0,Evan Carter,Left,Zac Gallen,Right,"In play, run(s)",E,FF,Four-Seam Fastball,2,2,1,5,95.8,87.1,3.6,1.72,5,0.9,0.39419053922234015,6.5635770231789285,0.8293574046427954,-0.8293574046427954,1.5989759286905378,3.7210240713094622,-0.2567194599567805,2.9522777833362683,26.4,3.6,24.0,-13.3,16.7,6.5,2352,205,True,False,False,0.0,0.0,0.5727911646586346,1.1280120481927711,Double,double,Evan Carter doubles (7) on a sharp line drive to center fielder Alek Thomas. Corey Seager scores.,2B,1.0,106.7,17.0,389.0,line_drive,hard,8,164.48,46.75
31,748542,2023-10-28T00:05:00Z,Globe Life Field,-5,Artificial Turf,Retractable,Roof Closed,73,"0 mph, None",42472,242,5,6,11,2023-10-28T00:22:40.388Z,2023-10-28T00:22:44.058Z,2,1,1,1,False,0,1,Adolis García,Right,Zac Gallen,Right,Ball,B,FF,Four-Seam Fastball,0,0,1,0,95.4,85.9,3.34035068559147,1.63096786661962,13,0.91,0.397992372042256,6.664535823278109,0.8293574046427954,-0.8293574046427954,1.5099437953101578,3.4613747569009323,-1.120520009047479,1.790359321730159,25.2,3.6,24.0,-13.8,16.8,6.5,2347,206,False,True,False,0.0,0.0,,,,,,,,,,,,,,,
32,748542,2023-10-28T00:05:00Z,Globe Life Field,-5,Artificial Turf,Retractable,Roof Closed,73,"0 mph, None",42472,242,5,6,11,2023-10-28T00:23:02.603Z,2023-10-28T00:23:07.176Z,2,1,1,1,False,0,1,Adolis García,Right,Zac Gallen,Right,Called Strike,C,SL,Slider,1,0,1,1,90.1,82.6,3.3818198643607,1.63024716417846,14,2.0,0.41864636791233156,6.642540142548465,0.8293574046427954,-0.8293574046427954,1.5092230928689978,3.502843935670162,1.0772965679550865,2.1842710713983435,15.6,6.0,24.0,-24.2,9.6,-7.0,2419,174,False,True,False,-0.1048691345467762,-0.0078346601854735,,,,,,,,,,,,,,,
33,748542,2023-10-28T00:05:00Z,Globe Life Field,-5,Artificial Turf,Retractable,Roof Closed,73,"0 mph, None",42472,242,5,6,11,2023-10-28T00:23:25.609Z,2023-10-28T00:23:29.242Z,2,1,1,1,False,0,1,Adolis García,Right,Zac Gallen,Right,Ball In Dirt,*B,CH,Changeup,1,1,1,2,89.2,81.5,3.23345966319085,1.52435819484127,13,0.9,0.42419989265859126,6.541592791371975,0.8293574046427954,-0.8293574046427954,1.403334123531808,3.3544837345003122,-1.192883878089684,0.6779363019242892,24.0,8.4,24.0,-35.9,-1.2,15.7,1575,228,False,True,False,0.0,0.0,,,,,,,,,,,,,,,
34,748542,2023-10-28T00:05:00Z,Globe Life Field,-5,Artificial Turf,Retractable,Roof Closed,73,"0 mph, None",42472,242,5,6,11,2023-10-28T00:23:51.503Z,2023-10-28T00:23:54.503Z,2,1,1,1,False,0,1,Adolis García,Right,Zac Gallen,Right,Ball,B,FF,Four-Seam Fastball,2,1,1,3,96.2,87.1,3.34035068559147,1.65927845396665,14,0.93,0.3948274396652214,6.723881184976956,0.8293574046427954,-0.8293574046427954,1.538254382657188,3.4613747569009323,1.0852247645068047,1.19599066016475,22.8,2.4,24.0,-8.4,21.7,3.4,2514,209,False,True,False,0.0,0.0,,,,,,,,,,,,,,,
35,748542,2023-10-28T00:05:00Z,Globe Life Field,-5,Artificial Turf,Retractable,Roof Closed,73,"0 mph, None",42472,242,5,6,11,2023-10-28T00:24:35.672Z,2023-10-28T00:24:46.678Z,2,1,1,1,False,0,1,Adolis García,Right,Zac Gallen,Right,"In play, run(s)",E,KC,Knuckle Curve,3,1,1,5,82.9,76.2,3.41,1.66,8,0.9,0.45506312833461404,6.452749971040575,0.8293574046427954,-0.8293574046427954,1.5389759286905378,3.5310240713094623,-0.11519910275229381,1.9391899333947265,3.6,10.8,24.0,-48.4,-8.3,-3.2,2410,40,False,True,False,0.0,0.0,0.971830985915493,1.295774647887324,Single,single,Adolis Garcia singles on a sharp line drive to left fielder Lourdes Gurriel Jr. Evan Carter scores.,1B,1.0,116.0,9.0,175.0,line_drive,hard,7,66.06,116.14
36,748542,2023-10-28T00:05:00Z,Globe Life Field,-5,Artificial Turf,Retractable,Roof Closed,73,"0 mph, None",42472,242,5,6,11,2023-10-28T00:25:58.502Z,2023-10-28T00:26:04.694Z,2,2,0,1,False,0,2,Mitch Garver,Right,Zac Gallen,Right,Ball In Dirt,*B,CH,Changeup,0,0,1,1,89.9,82.8,3.4205376649815,1.52435819484127,14,0.9,0.42014978012471627,6.512255854600337,0.8293574046427954,-0.8293574046427954,1.403334123531808,3.541561736290962,0.616270575526783,0.22011170885342057,24.0,8.4,24.0,-34.9,-0.8,15.2,1745,232,True,False,False,0.0,0.0,,,,,,,,,,,,,,,
37,748542,2023-10-28T00:05:00Z,Globe Life Field,-5,Artificial Turf,Retractable,Roof Closed,73,"0 mph, None",42472,242,5,6,11,2023-10-28T00:26:28.166Z,2023-10-28T00:26:31.950Z,2,2,0,1,False,0,2,Mitch Garver,Right,Zac Gallen,Right,Called Strike,C,FF,Four-Seam Fastball,1,0,1,2,96.5,88.1,3.44727030650582,1.57928026224576,9,0.92,0.3912505858757087,6.6467543949675045,0.8293574046427954,-0.8293574046427954,1.4582561909362979,3.568294377815282,0.4067614835655823,2.0550538882738567,25.2,2.4,24.0,-11.0,18.6,5.2,2170,207,True,False,False,0.0,0.0,,,,,,,,,,,,,,,
38,748542,2023-10-28T00:05:00Z,Globe Life Field,-5,Artificial Turf,Retractable,Roof Closed,73,"0 mph, None",42472,242,5,6,11,2023-10-28T00:26:49.969Z,2023-10-28T00:26:53.455Z,2,2,0,1,False,0,2,Mitch Garver,Right,Zac Gallen,Right,Foul Tip,T,FF,Four-Seam Fastball,1,1,1,3,95.3,87.0,3.39,1.58,2,0.92,0.39555352578103076,6.677110487080142,0.8293574046427954,-0.8293574046427954,1.458975928690538,3.5110240713094623,-0.0016277789815838666,2.9456836397509596,21.6,2.4,24.0,-11.9,18.4,4.7,2311,206,True,False,False,0.0,0.0,,,,,,,,,,,,,,,
39,748542,2023-10-28T00:05:00Z,Globe Life Field,-5,Artificial Turf,Retractable,Roof Closed,73,"0 mph, None",42472,242,5,6,11,2023-10-28T00:27:30.728Z,2023-10-28T00:27:38.742Z,2,2,0,1,False,0,2,Mitch Garver,Right,Zac Gallen,Right,"In play, out(s)",X,FC,Cutter,1,2,1,5,91.1,84.1,3.39,1.58,6,2.0,0.4121357484100012,6.494083207873119,0.8293574046427954,-0.8293574046427954,1.458975928690538,3.5110240713094623,0.3366737031840342,2.5646658266322406,10.8,4.8,24.0,-23.6,9.2,-4.6,2375,192,True,False,False,0.0,0.0,0.0533807829181494,0.0569395017793594,Grounded Into DP,grounded_into_double_play,"D-backs challenged (play at 1st), call on the field was overturned: Mitch Garver grounds into a double play, third baseman Evan Longoria to second baseman Ketel Marte to first baseman Christian Walker. Adolis Garcia out at 2nd. Mitch Garver out at 1st.",5-4-3,0.0,72.4,-28.0,6.0,ground_ball,medium,5,107.25,169.02
40,748542,2023-10-28T00:05:00Z,Globe Life Field,-5,Artificial Turf,Retractable,Roof Closed,73,"0 mph, None",42472,242,5,6,11,2023-10-28T00:31:53.856Z,2023-10-28T00:31:57.838Z,0,0,0,2,True,0,2,Christian Walker,Right,Nathan Eovaldi,Right,Called Strike,C,FF,Four-Seam Fastball,0,0,0,0,95.3,86.3,3.36707787041643,1.57766084650001,3,0.91,0.3969649836704545,6.776348240450395,0.8293574046427954,-0.8293574046427954,1.4566367751905478,3.4881019417258923,0.303770134058796,2.943677013208368,36.0,4.8,24.0,-18.7,11.8,13.8,2151,234,False,False,False,0.0,0.0,,,,,,,,,,,,,,,
41,748542,2023-10-28T00:05:00Z,Globe Life Field,-5,Artificial Turf,Retractable,Roof Closed,73,"0 mph, None",42472,242,5,6,11,2023-10-28T00:32:08.077Z,2023-10-28T00:32:11.395Z,0,0,0,2,True,0,2,Christian Walker,Right,Nathan Eovaldi,Right,Foul,F,CU,Curveball,0,1,0,1,77.4,70.9,3.43,1.6,9,0.89,0.48894252395895865,6.941613261579978,0.8293574046427954,-0.8293574046427954,1.478975928690538,3.5510240713094623,0.4044089343026017,1.6535608827887667,7.2,13.2,24.0,-57.2,-11.0,-7.0,1983,42,False,False,False,0.0,0.0,,,,,,,,,,,,,,,
42,748542,2023-10-28T00:05:00Z,Globe Life Field,-5,Artificial Turf,Retractable,Roof Closed,73,"0 mph, None",42472,242,5,6,11,2023-10-28T00:32:31.379Z,2023-10-28T00:32:36.164Z,0,0,0,2,True,0,2,Christian Walker,Right,Nathan Eovaldi,Right,Ball,B,FC,Cutter,0,2,0,2,88.6,80.9,3.26017979234042,1.49770847902759,14,0.82,0.42698366420667755,6.960080907878958,0.8293574046427954,-0.8293574046427954,1.376684407718128,3.381203863649882,2.015680051393275,2.1258364089516193,9.6,7.2,24.0,-29.6,5.5,-5.4,2267,158,False,False,False,0.0,0.0,,,,,,,,,,,,,,,
43,748542,2023-10-28T00:05:00Z,Globe Life Field,-5,Artificial Turf,Retractable,Roof Closed,73,"0 mph, None",42472,242,5,6,11,2023-10-28T00:32:47.526Z,2023-10-28T00:32:51.457Z,0,0,0,2,True,0,2,Christian Walker,Right,Nathan Eovaldi,Right,Ball,B,FF,Four-Seam Fastball,1,2,0,3,96.0,86.7,3.18002456557054,1.44441221171874,12,0.92,0.39487681122156193,6.8699139099386155,0.8293574046427954,-0.8293574046427954,1.3233881404092778,3.3010486368800023,1.2245958885332928,3.960183698423041,37.2,4.8,24.0,-17.9,12.2,13.8,2275,230,False,False,False,0.0,0.0,,,,,,,,,,,,,,,
44,748542,2023-10-28T00:05:00Z,Globe Life Field,-5,Artificial Turf,Retractable,Roof Closed,73,"0 mph, None",42472,242,5,6,11,2023-10-28T00:33:15.155Z,2023-10-28T00:33:19.152Z,0,0,0,2,True,0,2,Christian Walker,Right,Nathan Eovaldi,Right,Ball,B,CU,Curveball,2,2,0,5,77.2,70.5,3.18002456557054,1.47105982167889,14,0.89,0.49104797211991835,6.753796969680783,0.8293574046427954,-0.8293574046427954,1.3500357503694278,3.3010486368800023,1.291051170023606,2.0206398096419407,8.4,13.2,24.0,-56.8,-10.2,-8.0,2033,44,False,False,False,0.0,0.0,,,,,,,,,,,,,,,
45,748542,2023-10-28T00:05:00Z,Globe Life Field,-5,Artificial Turf,Retractable,Roof Closed,73,"0 mph, None",42472,242,5,6,11,2023-10-28T00:33:34.011Z,2023-10-28T00:33:38.513Z,0,0,0,2,True,0,2,Christian Walker,Right,Nathan Eovaldi,Right,Called Strike,C,FF,Four-Seam Fastball,3,2,0,6,95.1,86.2,3.20674125934959,1.44441221171874,5,0.92,0.39802641319232146,6.859758915629185,0.8293574046427954,-0.8293574046427954,1.3233881404092778,3.327765330659052,0.20594330640779981,2.168519604698006,37.2,4.8,24.0,-18.2,12.4,13.7,2242,229,False,False,False,0.0,0.0,0.0,0.0,Strikeout,strikeout,Christian Walker called out on strikes.,Kc,0.0,,,,,,,,
46,748542,2023-10-28T00:05:00Z,Globe Life Field,-5,Artificial Turf,Retractable,Roof Closed,73,"0 mph, None",42472,242,5,6,11,2023-10-28T00:34:01.737Z,2023-10-28T00:34:05.357Z,0,0,0,2,True,0,2,Tommy Pham,Right,Nathan Eovaldi,Right,Called Strike,C,FF,Four-Seam Fastball,0,0,1,0,96.6,87.4,3.52675559604007,1.60359394578134,14,0.93,0.39259019151070085,6.808197286629859,0.8293574046427954,-0.8293574046427954,1.4825698744718778,3.647779667349532,0.9732964650637969,2.185072440897701,40.8,4.8,24.0,-16.7,13.0,14.3,2300,230,False,False,False,0.0585825281652243,0.0057344524440271,,,,,,,,,,,,,,,
47,748542,2023-10-28T00:05:00Z,Globe Life Field,-5,Artificial Turf,Retractable,Roof Closed,73,"0 mph, None",42472,242,5,6,11,2023-10-28T00:34:15.780Z,2023-10-28T00:34:18.780Z,0,0,0,2,True,0,2,Tommy Pham,Right,Nathan Eovaldi,Right,Swinging Strike,S,FS,Splitter,0,1,1,1,89.1,81.6,3.49,1.63,8,0.91,0.42380786362752776,6.726440782013338,0.8293574046427954,-0.8293574046427954,1.5089759286905378,3.6110240713094623,0.23045230474387862,1.695736456805118,22.8,8.4,24.0,-36.4,-1.7,14.9,1719,234,False,False,False,0.0,0.0,,,,,,,,,,,,,,,
48,748542,2023-10-28T00:05:00Z,Globe Life Field,-5,Artificial Turf,Retractable,Roof Closed,73,"0 mph, None",42472,242,5,6,11,2023-10-28T00:34:33.660Z,2023-10-28T00:34:36.749Z,0,0,0,2,True,0,2,Tommy Pham,Right,Nathan Eovaldi,Right,Swinging Strike,S,FS,Splitter,0,2,1,2,89.2,81.8,3.49,1.63,7,0.91,0.42278760155081274,6.832211111622915,0.8293574046427954,-0.8293574046427954,1.5089759286905378,3.6110240713094623,-0.28756779170424407,1.6726777027827184,24.0,8.4,24.0,-35.8,-1.2,15.5,1781,239,False,False,False,0.0,0.0,0.0,0.0,Strikeout,strikeout,Tommy Pham strikes out swinging.,Ks,0.0,,,,,,,,
49,748542,2023-10-28T00:05:00Z,Globe Life Field,-5,Artificial Turf,Retractable,Roof Closed,73,"0 mph, None",42472,242,5,6,11,2023-10-28T00:35:05.551Z,2023-10-28T00:35:09.189Z,0,0,0,2,True,0,2,Lourdes Gurriel Jr.,Right,Nathan Eovaldi,Right,Called Strike,C,CU,Curveball,0,0,2,0,78.1,71.1,3.4728014977944,1.65648846139356,12,0.88,0.4854557416063421,6.910898142026567,0.8293574046427954,-0.8293574046427954,1.5354643900840979,3.593825569103862,0.9048108767976727,2.9477725515781787,9.6,13.2,24.0,-55.2,-9.7,-9.4,1977,47,False,False,False,0.0331400820354242,0.0031931758656379,,,,,,,,,,,,,,,
50,748542,2023-10-28T00:05:00Z,Globe Life Field,-5,Artificial Turf,Retractable,Roof Closed,73,"0 mph, None",42472,242,5,6,11,2023-10-28T00:35:23.049Z,2023-10-28T00:35:26.504Z,0,0,0,2,True,0,2,Lourdes Gurriel Jr.,Right,Nathan Eovaldi,Right,Foul,F,FF,Four-Seam Fastball,0,1,2,1,96.0,86.7,3.61,1.72,6,0.93,0.3946157790707763,6.828177177495561,0.8293574046427954,-0.8293574046427954,1.5989759286905378,3.731024071309462,0.2629463757506042,2.864231315150257,36.0,4.8,24.0,-15.6,14.5,11.4,2292,224,False,False,False,0.0,0.0,,,,,,,,,,,,,,,
51,748542,2023-10-28T00:05:00Z,Globe Life Field,-5,Artificial Turf,Retractable,Roof Closed,73,"0 mph, None",42472,242,5,6,11,2023-10-28T00:35:43.752Z,2023-10-28T00:35:47.049Z,0,0,0,2,True,0,2,Lourdes Gurriel Jr.,Right,Nathan Eovaldi,Right,Foul,F,FF,Four-Seam Fastball,0,2,2,2,95.7,87.5,3.61,1.72,3,0.91,0.3934600030393307,6.682171186117452,0.8293574046427954,-0.8293574046427954,1.5989759286905378,3.731024071309462,0.31770138377457924,3.6950591039968628,36.0,4.8,24.0,-17.8,12.1,13.0,2064,229,False,False,False,0.0,0.0,,,,,,,,,,,,,,,
52,748542,2023-10-28T00:05:00Z,Globe Life Field,-5,Artificial Turf,Retractable,Roof Closed,73,"0 mph, None",42472,242,5,6,11,2023-10-28T00:36:02.417Z,2023-10-28T00:36:07.236Z,0,0,0,2,True,0,2,Lourdes Gurriel Jr.,Right,Nathan Eovaldi,Right,Swinging Strike,S,CU,Curveball,0,2,2,3,78.7,72.3,3.61,1.72,14,0.84,0.48038718767105193,6.886294618087354,0.8293574046427954,-0.8293574046427954,1.5989759286905378,3.731024071309462,1.5583588918976836,1.9775554828487991,9.6,12.0,24.0,-51.2,-6.7,-9.5,1949,39,False,False,False,0.0,0.0,0.0,0.0,Strikeout,strikeout,Lourdes Gurriel Jr. strikes out swinging.,Ks,0.0,,,,,,,,
53,748542,2023-10-28T00:05:00Z,Globe Life Field,-5,Artificial Turf,Retractable,Roof Closed,73,"0 mph, None",42472,242,5,6,11,2023-10-28T00:39:12.325Z,2023-10-28T00:39:15.961Z,0,0,0,2,False,0,2,Jonah Heim,Left,Zac Gallen,Right,Called Strike,C,FF,Four-Seam Fastball,0,0,0,0,94.1,85.8,3.74145512436785,1.79091605406474,13,0.92,0.40138902140505106,6.584294368094822,0.8293574046427954,-0.8293574046427954,1.6698919827552778,3.862479195677312,-0.39667083394019403,1.731993189235284,16.8,3.6,24.0,-13.3,17.8,4.0,2307,210,False,False,False,0.0,0.0,,,,,,,,,,,,,,,
54,748542,2023-10-28T00:05:00Z,Globe Life Field,-5,Artificial Turf,Retractable,Roof Closed,73,"0 mph, None",42472,242,5,6,11,2023-10-28T00:39:26.462Z,2023-10-28T00:39:29.462Z,0,0,0,2,False,0,2,Jonah Heim,Left,Zac Gallen,Right,Foul,F,FC,Cutter,0,1,0,1,91.1,83.4,3.55,1.7,3,0.79,0.4135080484381848,6.463873690125357,0.8293574046427954,-0.8293574046427954,1.5789759286905378,3.671024071309462,0.63321201177942,3.4088375630779337,4.8,3.6,24.0,-17.6,15.4,-1.6,2368,201,False,False,False,0.0,0.0,,,,,,,,,,,,,,,
55,748542,2023-10-28T00:05:00Z,Globe Life Field,-5,Artificial Turf,Retractable,Roof Closed,73,"0 mph, None",42472,242,5,6,11,2023-10-28T00:39:44.266Z,2023-10-28T00:39:47.266Z,0,0,0,2,False,0,2,Jonah Heim,Left,Zac Gallen,Right,Foul,F,FF,Four-Seam Fastball,0,2,0,2,93.2,83.9,3.55,1.7,12,0.9,0.40708643145260615,6.344664894646421,0.8293574046427954,-0.8293574046427954,1.5789759286905378,3.671024071309462,0.19114941592132803,4.264058077610519,14.4,3.6,24.0,-16.6,15.4,4.2,2086,209,False,False,False,0.0,0.0,,,,,,,,,,,,,,,
56,748542,2023-10-28T00:05:00Z,Globe Life Field,-5,Artificial Turf,Retractable,Roof Closed,73,"0 mph, None",42472,242,5,6,11,2023-10-28T00:40:02.212Z,2023-10-28T00:40:10.137Z,0,0,0,2,False,0,2,Jonah Heim,Left,Zac Gallen,Right,"In play, out(s)",X,CH,Changeup,0,2,0,3,86.6,79.1,3.55,1.7,7,0.91,0.4363689995150959,6.658539351364276,0.8293574046427954,-0.8293574046427954,1.5789759286905378,3.671024071309462,-0.5710143647077274,1.8941481135748044,21.6,8.4,24.0,-34.1,2.6,13.6,1569,235,False,False,False,0.0,0.0,0.0806270996640537,0.089585666293393,Groundout,field_out,"Jonah Heim grounds out, second baseman Ketel Marte to first baseman Christian Walker.",4-3,0.0,88.4,-19.0,7.0,ground_ball,medium,4,155.36,144.29
57,748542,2023-10-28T00:05:00Z,Globe Life Field,-5,Artificial Turf,Retractable,Roof Closed,73,"0 mph, None",42472,242,5,6,11,2023-10-28T00:40:34.894Z,2023-10-28T00:40:38.472Z,0,0,0,2,False,0,2,Nathaniel Lowe,Left,Zac Gallen,Right,Called Strike,C,FF,Four-Seam Fastball,0,0,1,0,93.9,84.9,3.63445153280308,1.71093678718021,14,0.92,0.403927931395637,6.4215470639444385,0.8293574046427954,-0.8293574046427954,1.5899127158707478,3.7554756041125423,0.8295180892329264,2.4177898250199013,15.6,2.4,24.0,-12.7,18.8,3.4,2325,206,False,False,False,0.0,0.0,,,,,,,,,,,,,,,
58,748542,2023-10-28T00:05:00Z,Globe Life Field,-5,Artificial Turf,Retractable,Roof Closed,73,"0 mph, None",42472,242,5,6,11,2023-10-28T00:40:49.153Z,2023-10-28T00:40:53.193Z,0,0,0,2,False,0,2,Nathaniel Lowe,Left,Zac Gallen,Right,Called Strike,C,FF,Four-Seam Fastball,0,1,1,1,94.2,85.1,3.52747940092535,1.68427934626662,3,0.92,0.40228904503896157,6.480183206422947,0.8293574046427954,-0.8293574046427954,1.5632552749571578,3.648503472234812,0.6962795081456904,3.4765364938892263,21.6,3.6,24.0,-12.5,18.7,4.9,2459,210,False,False,False,0.0,0.0,,,,,,,,,,,,,,,
59,748542,2023-10-28T00:05:00Z,Globe Life Field,-5,Artificial Turf,Retractable,Roof Closed,73,"0 mph, None",42472,242,5,6,11,2023-10-28T00:41:05.017Z,2023-10-28T00:41:09.292Z,0,0,0,2,False,0,2,Nathaniel Lowe,Left,Zac Gallen,Right,Ball,B,FF,Four-Seam Fastball,0,2,1,2,94.0,84.9,3.4740047988901,1.65762304326779,12,0.92,0.40294765052295123,6.521417165535349,0.8293574046427954,-0.8293574046427954,1.536598971958328,3.5950288701995623,0.5485541924803342,4.139763658566792,18.0,2.4,24.0,-12.2,19.1,4.0,2358,209,False,False,False,0.0,0.0,,,,,,,,,,,,,,,
60,748542,2023-10-28T00:05:00Z,Globe Life Field,-5,Artificial Turf,Retractable,Roof Closed,73,"0 mph, None",42472,242,5,6,11,2023-10-28T00:41:22.222Z,2023-10-28T00:41:26.086Z,0,0,0,2,False,0,2,Nathaniel Lowe,Left,Zac Gallen,Right,Ball,B,FF,Four-Seam Fastball,1,2,1,3,94.4,85.4,3.52747940092535,1.63927877978743,12,0.91,0.40154562115622605,6.5988659433648875,0.8293574046427954,-0.8293574046427954,1.5182547084779678,3.648503472234812,1.6385717870683822,3.1514048653042956,8.4,2.4,24.0,-13.2,18.0,1.8,2205,205,False,False,False,0.0,0.0,,,,,,,,,,,,,,,
61,748542,2023-10-28T00:05:00Z,Globe Life Field,-5,Artificial Turf,Retractable,Roof Closed,73,"0 mph, None",42472,242,5,6,11,2023-10-28T00:41:38.295Z,2023-10-28T00:41:46.152Z,0,0,0,2,False,0,2,Nathaniel Lowe,Left,Zac Gallen,Right,"In play, out(s)",X,CH,Changeup,2,2,1,4,88.4,80.7,3.46,1.64,13,0.87,0.4274399579926178,6.6689617876377865,0.8293574046427954,-0.8293574046427954,1.5189759286905378,3.581024071309462,-0.6011294294406395,1.4859145564906666,26.4,7.2,24.0,-27.1,8.2,13.7,1616,236,False,False,False,0.0,0.0,0.0637065637065637,0.0694980694980695,Groundout,field_out,"Nathaniel Lowe grounds out, second baseman Ketel Marte to first baseman Christian Walker.",4-3,0.0,81.6,-21.0,5.0,ground_ball,medium,4,145.78,153.31
62,748542,2023-10-28T00:05:00Z,Globe Life Field,-5,Artificial Turf,Retractable,Roof Closed,73,"0 mph, None",42472,242,5,6,11,2023-10-28T00:42:11.634Z,2023-10-28T00:42:17.132Z,0,0,0,2,False,0,2,Josh Jung,Right,Zac Gallen,Right,Called Strike,C,SL,Slider,0,0,2,0,89.7,82.6,3.7147012179289,1.73927703591112,2,2.0,0.41879147498363656,6.631479506668615,0.8293574046427954,-0.8293574046427954,1.618252964601658,3.835725289238362,0.01401261524667542,3.2926921170017507,12.0,6.0,24.0,-25.6,8.3,-5.4,2449,163,False,False,False,0.0,0.0,,,,,,,,,,,,,,,
63,748542,2023-10-28T00:05:00Z,Globe Life Field,-5,Artificial Turf,Retractable,Roof Closed,73,"0 mph, None",42472,242,5,6,11,2023-10-28T00:42:27.358Z,2023-10-28T00:42:32.783Z,0,0,0,2,False,0,2,Josh Jung,Right,Zac Gallen,Right,Called Strike,C,FF,Four-Seam Fastball,0,1,2,1,94.8,86.0,3.7147012179289,1.76425512934065,7,0.93,0.3989013083525288,6.616168954316366,0.8293574046427954,-0.8293574046427954,1.643231058031188,3.835725289238362,-0.5704491432243246,2.261998829240142,14.4,2.4,24.0,-11.6,19.1,2.9,2272,211,False,False,False,0.0,0.0,,,,,,,,,,,,,,,
64,748542,2023-10-28T00:05:00Z,Globe Life Field,-5,Artificial Turf,Retractable,Roof Closed,73,"0 mph, None",42472,242,5,6,11,2023-10-28T00:42:51.506Z,2023-10-28T00:42:54.506Z,0,0,0,2,False,0,2,Josh Jung,Right,Zac Gallen,Right,Foul,F,CH,Changeup,0,2,2,3,89.0,81.4,3.64,1.74,13,0.88,0.42429160145630673,6.870940530648953,0.8293574046427954,-0.8293574046427954,1.6189759286905379,3.7610240713094623,-0.28280670141799996,1.5421646047215682,22.8,7.2,24.0,-29.2,5.5,12.1,1435,226,False,False,False,0.0,0.0,,,,,,,,,,,,,,,
65,748542,2023-10-28T00:05:00Z,Globe Life Field,-5,Artificial Turf,Retractable,Roof Closed,73,"0 mph, None",42472,242,5,6,11,2023-10-28T00:43:19.767Z,2023-10-28T00:43:26.555Z,0,0,0,2,False,0,2,Josh Jung,Right,Zac Gallen,Right,Swinging Strike,S,KC,Knuckle Curve,0,2,2,4,80.4,73.7,3.64,1.74,13,0.9,0.47046514066538414,6.431008277387822,0.8293574046427954,-0.8293574046427954,1.6189759286905379,3.7610240713094623,-0.37749352655989793,1.4935037431767084,4.8,12.0,24.0,-55.2,-12.5,-4.8,2335,34,False,False,False,0.0,0.0,0.0,0.0,Strikeout,strikeout,Josh Jung strikes out swinging.,Ks,0.0,,,,,,,,
66,748542,2023-10-28T00:05:00Z,Globe Life Field,-5,Artificial Turf,Retractable,Roof Closed,73,"0 mph, None",42472,242,5,6,11,2023-10-28T00:46:24.524Z,2023-10-28T00:46:28.606Z,3,0,3,3,True,0,2,Alek Thomas,Left,Nathan Eovaldi,Right,Called Strike,C,FS,Splitter,0,0,0,0,87.7,80.2,3.20674125934959,1.44441221171874,2,0.9,0.4300984877774612,6.605253653171804,0.8293574046427954,-0.8293574046427954,1.3233881404092778,3.327765330659052,-0.23857929585844673,2.784922466332756,18.0,8.4,24.0,-37.6,-1.9,11.9,1767,232,False,False,False,0.0,0.0,,,,,,,,,,,,,,,
67,748542,2023-10-28T00:05:00Z,Globe Life Field,-5,Artificial Turf,Retractable,Roof Closed,73,"0 mph, None",42472,242,5,6,11,2023-10-28T00:46:37.850Z,2023-10-28T00:46:42.877Z,3,0,3,3,True,0,2,Alek Thomas,Left,Nathan Eovaldi,Right,Foul,F,FF,Four-Seam Fastball,0,1,0,1,95.5,86.3,3.21,1.43,5,0.91,0.3968136214864959,6.646518856519911,0.8293574046427954,-0.8293574046427954,1.3089759286905378,3.331024071309462,0.002493189952569035,2.401284621074804,31.2,6.0,24.0,-20.8,9.6,12.4,2094,232,False,False,False,0.0,0.0,,,,,,,,,,,,,,,
68,748542,2023-10-28T00:05:00Z,Globe Life Field,-5,Artificial Turf,Retractable,Roof Closed,73,"0 mph, None",42472,242,5,6,11,2023-10-28T00:47:07.739Z,2023-10-28T00:47:15.363Z,3,0,3,3,True,0,2,Alek Thomas,Left,Nathan Eovaldi,Right,"In play, no out",D,FS,Splitter,0,2,0,2,89.2,82.3,3.21,1.43,7,0.87,0.4215720537221679,6.422813413533882,0.8293574046427954,-0.8293574046427954,1.3089759286905378,3.331024071309462,-0.4464924753003524,1.4711604097476632,19.2,7.2,24.0,-33.0,1.2,11.3,1591,233,False,False,False,0.0,0.0,0.2941176470588235,0.2941176470588235,Single,single,Alek Thomas singles on a ground ball to shortstop Corey Seager.,1B,0.0,62.5,-53.0,2.0,ground_ball,medium,6,128.21,158.22
69,748542,2023-10-28T00:05:00Z,Globe Life Field,-5,Artificial Turf,Retractable,Roof Closed,73,"0 mph, None",42472,242,5,6,11,2023-10-28T00:47:52.165Z,2023-10-28T00:48:01.671Z,3,0,3,3,True,0,2,Evan Longoria,Right,Nathan Eovaldi,Right,"In play, no out",D,FF,Four-Seam Fastball,0,0,0,0,95.8,87.1,3.66,1.73,5,0.93,0.3943341290333784,6.8276269555631455,0.8293574046427954,-0.8293574046427954,1.6089759286905378,3.7810240713094623,0.14167165163241582,2.5858569970432677,40.8,4.8,24.0,-16.3,13.7,14.0,2289,228,True,False,False,0.0,0.0,0.5132304299889746,0.5804851157662624,Single,single,Evan Longoria singles on a ground ball to right fielder Adolis Garcia. Alek Thomas to 2nd.,1B,0.0,94.9,4.0,90.0,ground_ball,medium,9,175.69,116.81
70,748542,2023-10-28T00:05:00Z,Globe Life Field,-5,Artificial Turf,Retractable,Roof Closed,73,"0 mph, None",42472,242,5,6,11,2023-10-28T00:48:37.413Z,2023-10-28T00:48:44.644Z,3,0,3,3,True,0,2,Geraldo Perdomo,Left,Nathan Eovaldi,Right,"In play, out(s)",X,FS,Splitter,0,0,0,0,88.8,81.5,3.41,1.57,14,0.91,0.42473893893736925,6.810781847858921,0.8293574046427954,-0.8293574046427954,1.448975928690538,3.5310240713094623,0.3970049456185445,1.5456632186162944,24.0,8.4,24.0,-34.3,0.6,15.4,1640,236,True,True,False,0.0,0.0,0.375,0.375,Sac Bunt,sac_bunt,"Geraldo Perdomo out on a sacrifice bunt, pitcher Nathan Eovaldi to second baseman Marcus Semien. Alek Thomas to 3rd. Evan Longoria to 2nd.",1-4,0.0,32.4,-72.0,4.0,bunt_grounder,soft,1,124.59,194.07
71,748542,2023-10-28T00:05:00Z,Globe Life Field,-5,Artificial Turf,Retractable,Roof Closed,73,"0 mph, None",42472,242,5,6,11,2023-10-28T00:49:18.679Z,2023-10-28T00:49:21.679Z,3,0,3,3,True,0,2,Corbin Carroll,Left,Nathan Eovaldi,Right,Swinging Strike,S,FC,Cutter,0,0,1,0,91.9,83.5,3.12,1.49,2,0.92,0.41113534414992836,6.635303896541601,0.8293574046427954,-0.8293574046427954,1.3689759286905379,3.2410240713094622,-0.06880028681824538,3.2619984749125086,6.0,6.0,24.0,-23.9,8.8,-2.3,2306,193,False,True,True,0.0,0.0,,,,,,,,,,,,,,,
72,748542,2023-10-28T00:05:00Z,Globe Life Field,-5,Artificial Turf,Retractable,Roof Closed,73,"0 mph, None",42472,242,5,6,11,2023-10-28T00:49:36.229Z,2023-10-28T00:49:41.323Z,3,0,3,3,True,0,2,Corbin Carroll,Left,Nathan Eovaldi,Right,Called Strike,C,FF,Four-Seam Fastball,0,1,1,1,94.8,85.6,3.23296707142028,1.49719315987261,3,0.92,0.3997187421828867,6.596283202894931,0.8293574046427954,-0.8293574046427954,1.376169088563148,3.353991142729742,0.7803473676534863,3.2377095947674683,32.4,4.8,24.0,-17.2,13.7,10.8,2060,229,False,True,True,0.0,0.0,,,,,,,,,,,,,,,
73,748542,2023-10-28T00:05:00Z,Globe Life Field,-5,Artificial Turf,Retractable,Roof Closed,73,"0 mph, None",42472,242,5,6,11,2023-10-28T00:49:58.863Z,2023-10-28T00:50:14.048Z,3,0,3,3,True,0,2,Corbin Carroll,Left,Nathan Eovaldi,Right,"In play, run(s)",E,FS,Splitter,0,2,1,2,88.3,80.9,3.12,1.49,8,0.9,0.4276625409918169,6.798452242393378,0.8293574046427954,-0.8293574046427954,1.3689759286905379,3.2410240713094622,-0.0888680420387375,1.517760838446407,21.6,8.4,24.0,-37.0,-1.7,14.6,1601,236,False,True,True,0.0,0.0,0.7699530516431925,1.1674491392801252,Triple,triple,Corbin Carroll triples (1) on a sharp line drive to center fielder Leody Taveras. Alek Thomas scores. Evan Longoria scores.,3B,2.0,109.4,13.0,317.0,line_drive,hard,8,102.43,44.45
74,748542,2023-10-28T00:05:00Z,Globe Life Field,-5,Artificial Turf,Retractable,Roof Closed,73,"0 mph, None",42472,242,5,6,11,2023-10-28T00:51:31.768Z,2023-10-28T00:51:37.159Z,3,2,1,3,True,2,2,Ketel Marte,Left,Nathan Eovaldi,Right,Ball,B,CU,Curveball,0,0,1,1,75.6,69.6,3.50074115827721,1.65762304326779,11,0.89,0.49747673572142315,6.276806807276456,0.8293574046427954,-0.8293574046427954,1.536598971958328,3.6217652295866722,-0.7822522687962038,3.9773119083776187,8.4,12.0,24.0,-52.0,-4.2,-7.7,1744,44,False,False,True,0.0,0.0,,,,,,,,,,,,,,,
75,748542,2023-10-28T00:05:00Z,Globe Life Field,-5,Artificial Turf,Retractable,Roof Closed,73,"0 mph, None",42472,242,5,6,11,2023-10-28T00:51:48.619Z,2023-10-28T00:51:53.609Z,3,2,1,3,True,2,2,Ketel Marte,Left,Nathan Eovaldi,Right,Ball,B,FS,Splitter,1,0,1,2,89.3,82.0,3.50074115827721,1.70927798538895,14,0.86,0.42348583819417307,6.679662896941275,0.8293574046427954,-0.8293574046427954,1.5882539140794878,3.6217652295866722,0.6729570481938854,0.01457708318124278,31.2,7.2,24.0,-29.3,5.4,17.2,1718,229,False,False,True,0.0,0.0,,,,,,,,,,,,,,,
76,748542,2023-10-28T00:05:00Z,Globe Life Field,-5,Artificial Turf,Retractable,Roof Closed,73,"0 mph, None",42472,242,5,6,11,2023-10-28T00:52:20.485Z,2023-10-28T00:52:25.641Z,3,2,1,3,True,2,2,Ketel Marte,Left,Nathan Eovaldi,Right,Foul Tip,T,FS,Splitter,2,0,1,3,89.0,82.1,3.58,1.71,14,0.9,0.4232446547869646,6.69720538334401,0.8293574046427954,-0.8293574046427954,1.5889759286905378,3.701024071309462,0.5955921441242912,0.8405026369450306,24.0,8.4,24.0,-32.9,1.7,14.6,1673,239,False,False,True,0.0,0.0,,,,,,,,,,,,,,,
77,748542,2023-10-28T00:05:00Z,Globe Life Field,-5,Artificial Turf,Retractable,Roof Closed,73,"0 mph, None",42472,242,5,6,11,2023-10-28T00:52:44.325Z,2023-10-28T00:52:48.771Z,3,2,1,3,True,2,2,Ketel Marte,Left,Nathan Eovaldi,Right,Ball,B,FF,Four-Seam Fastball,2,1,1,4,94.4,86.2,3.60770559250685,1.76425512934065,13,0.91,0.3990196175098002,6.793330478223395,0.8293574046427954,-0.8293574046427954,1.643231058031188,3.728729663816312,-0.9828846969274564,2.681403500060125,36.0,4.8,24.0,-18.1,12.6,13.0,2101,229,False,False,True,0.0,0.0,,,,,,,,,,,,,,,
78,748542,2023-10-28T00:05:00Z,Globe Life Field,-5,Artificial Turf,Retractable,Roof Closed,73,"0 mph, None",42472,242,5,6,11,2023-10-28T00:53:03.528Z,2023-10-28T00:53:10.534Z,3,2,1,3,True,2,2,Ketel Marte,Left,Nathan Eovaldi,Right,"In play, run(s)",E,FS,Splitter,3,1,1,5,88.3,81.3,3.58,1.71,13,0.91,0.4264867682729574,6.594830002186191,0.8293574046427954,-0.8293574046427954,1.5889759286905378,3.701024071309462,-0.14601590966121958,0.9380218938151744,26.4,8.4,24.0,-33.1,2.0,16.4,1818,237,False,False,True,0.0,0.0,0.3125,0.3373842592592592,Fielders Choice,fielders_choice,"Ketel Marte reaches on a fielder's choice, fielded by first baseman Nathaniel Lowe. Corbin Carroll scores.",3U,1.0,101.7,-7.0,10.0,ground_ball,medium,3,159.47,168.01
79,748542,2023-10-28T00:05:00Z,Globe Life Field,-5,Artificial Turf,Retractable,Roof Closed,73,"0 mph, None",42472,242,5,6,11,2023-10-28T00:53:57.142Z,2023-10-28T00:54:00.430Z,3,3,0,3,True,3,2,Gabriel Moreno,Right,Nathan Eovaldi,Right,Foul,F,FC,Cutter,0,0,1,0,91.0,83.4,3.34,1.54,12,0.92,0.4141810426632251,7.035203810010387,0.8293574046427954,-0.8293574046427954,1.418975928690538,3.461024071309462,1.1876262113697278,2.861296961650325,6.0,6.0,24.0,-24.1,9.0,-2.5,2314,192,True,False,False,0.0,0.0,,,,,,,,,,,,,,,
80,748542,2023-10-28T00:05:00Z,Globe Life Field,-5,Artificial Turf,Retractable,Roof Closed,73,"0 mph, None",42472,242,5,6,11,2023-10-28T00:54:20.034Z,2023-10-28T00:54:25.839Z,3,3,0,3,True,3,2,Gabriel Moreno,Right,Nathan Eovaldi,Right,Ball,B,CU,Curveball,0,1,1,1,76.1,69.7,3.20674125934959,1.49770847902759,13,0.89,0.49637381736794817,6.734502512107123,0.8293574046427954,-0.8293574046427954,1.376684407718128,3.327765330659052,-1.1652643617883387,1.9627568045843418,3.6,12.0,24.0,-55.4,-7.8,-3.1,1875,43,True,False,False,0.0,0.0,,,,,,,,,,,,,,,
81,748542,2023-10-28T00:05:00Z,Globe Life Field,-5,Artificial Turf,Retractable,Roof Closed,73,"0 mph, None",42472,242,5,6,11,2023-10-28T00:55:01.230Z,2023-10-28T00:55:05.686Z,3,3,0,3,True,3,2,Gabriel Moreno,Right,Nathan Eovaldi,Right,Foul,F,FC,Cutter,1,1,1,3,92.4,84.2,3.34,1.54,12,0.92,0.40886223270333,6.643990827212009,0.8293574046427954,-0.8293574046427954,1.418975928690538,3.461024071309462,1.2526866135078942,2.7844515900946933,7.2,4.8,24.0,-20.2,12.0,-2.8,2376,209,True,False,False,0.0,0.0,,,,,,,,,,,,,,,
82,748542,2023-10-28T00:05:00Z,Globe Life Field,-5,Artificial Turf,Retractable,Roof Closed,73,"0 mph, None",42472,242,5,6,11,2023-10-28T00:55:25.706Z,2023-10-28T00:55:31.922Z,3,3,0,3,True,3,2,Gabriel Moreno,Right,Nathan Eovaldi,Right,Foul Tip,T,FS,Splitter,1,2,1,4,87.9,80.4,3.34,1.54,14,0.91,0.42981758732513686,6.886190772934112,0.8293574046427954,-0.8293574046427954,1.418975928690538,3.461024071309462,0.58990440837643,1.451240074727321,20.4,8.4,24.0,-33.0,2.6,12.4,1616,239,True,False,False,0.0,0.0,0.0,0.0,Strikeout,strikeout,Gabriel Moreno strikes out on a foul tip. Ketel Marte steals (3) 2nd base.,Ks,0.0,,,,,,,,
83,748542,2023-10-28T00:05:00Z,Globe Life Field,-5,Artificial Turf,Retractable,Roof Closed,73,"0 mph, None",42472,242,5,6,11,2023-10-28T00:55:58.066Z,2023-10-28T00:56:01.066Z,3,3,0,3,True,3,2,Christian Walker,Right,Nathan Eovaldi,Right,Ball,B,FC,Cutter,0,0,2,0,89.6,81.6,3.42927484610743,1.5510089802602,14,0.9,0.4227828912029614,6.849752502588967,0.8293574046427954,-0.8293574046427954,1.429984908950738,3.550298917416892,1.680809467361516,1.762645438717542,7.2,6.0,24.0,-26.8,7.7,-3.7,2335,182,False,True,False,0.0,0.0,,,,,,,,,,,,,,,
84,748542,2023-10-28T00:05:00Z,Globe Life Field,-5,Artificial Turf,Retractable,Roof Closed,73,"0 mph, None",42472,242,5,6,11,2023-10-28T00:56:13.964Z,2023-10-28T00:56:17.157Z,3,3,0,3,True,3,2,Christian Walker,Right,Nathan Eovaldi,Right,Foul,F,FS,Splitter,1,0,2,1,88.2,80.7,3.43,1.6,9,0.9,0.4279788658522592,6.910409669445093,0.8293574046427954,-0.8293574046427954,1.478975928690538,3.5510240713094623,0.2587250892240565,1.8803853198690428,19.2,8.4,24.0,-33.5,1.9,11.2,1623,237,False,True,False,0.0,0.0,,,,,,,,,,,,,,,
85,748542,2023-10-28T00:05:00Z,Globe Life Field,-5,Artificial Turf,Retractable,Roof Closed,73,"0 mph, None",42472,242,5,6,11,2023-10-28T00:56:39.712Z,2023-10-28T00:56:44.910Z,3,3,0,3,True,3,2,Christian Walker,Right,Nathan Eovaldi,Right,Foul,F,FF,Four-Seam Fastball,1,1,2,2,95.1,85.5,3.43,1.6,2,0.92,0.3992488130488212,6.72926099808389,0.8293574046427954,-0.8293574046427954,1.478975928690538,3.5510240713094623,-0.09461876440722977,3.1143026964770333,37.2,4.8,24.0,-18.7,12.0,13.9,1976,226,False,True,False,0.0,0.0,,,,,,,,,,,,,,,
86,748542,2023-10-28T00:05:00Z,Globe Life Field,-5,Artificial Turf,Retractable,Roof Closed,73,"0 mph, None",42472,242,5,6,11,2023-10-28T00:57:12.042Z,2023-10-28T00:57:16.325Z,3,3,0,3,True,3,2,Christian Walker,Right,Nathan Eovaldi,Right,Ball,B,FF,Four-Seam Fastball,1,2,2,3,96.8,88.2,3.44727030650582,1.5510089802602,14,0.92,0.3907908194046623,6.710907615873538,0.8293574046427954,-0.8293574046427954,1.429984908950738,3.568294377815282,1.4222567817146605,2.0445954534669917,39.6,4.8,24.0,-18.1,11.3,14.6,2124,234,False,True,False,0.0,0.0,,,,,,,,,,,,,,,
87,748542,2023-10-28T00:05:00Z,Globe Life Field,-5,Artificial Turf,Retractable,Roof Closed,73,"0 mph, None",42472,242,5,6,11,2023-10-28T00:57:34.106Z,2023-10-28T00:57:37.170Z,3,3,0,3,True,3,2,Christian Walker,Right,Nathan Eovaldi,Right,Ball,B,CU,Curveball,2,2,2,4,77.7,71.8,3.36707787041643,1.5510089802602,14,0.87,0.4852957459287577,6.611203540297235,0.8293574046427954,-0.8293574046427954,1.429984908950738,3.4881019417258923,1.7285445095413239,1.5437086753635534,7.2,12.0,24.0,-52.4,-7.0,-7.0,1923,38,False,True,False,0.0,0.0,,,,,,,,,,,,,,,
88,748542,2023-10-28T00:05:00Z,Globe Life Field,-5,Artificial Turf,Retractable,Roof Closed,73,"0 mph, None",42472,242,5,6,11,2023-10-28T00:57:57.839Z,2023-10-28T00:58:03.216Z,3,3,0,3,True,3,2,Christian Walker,Right,Nathan Eovaldi,Right,Swinging Strike,S,FS,Splitter,3,2,2,5,88.8,81.5,3.43,1.6,9,0.91,0.42480898523663857,6.871395593592167,0.8293574046427954,-0.8293574046427954,1.478975928690538,3.5510240713094623,0.4642740895138631,1.68353912087746,24.0,8.4,24.0,-34.0,0.8,15.0,1767,235,False,True,False,0.0,0.0,0.0,0.0,Strikeout,strikeout,Christian Walker strikes out swinging.,Ks,0.0,,,,,,,,
89,748542,2023-10-28T00:05:00Z,Globe Life Field,-5,Artificial Turf,Retractable,Roof Closed,73,"0 mph, None",42472,242,5,6,11,2023-10-28T01:01:08.259Z,2023-10-28T01:01:12.671Z,1,0,1,3,False,3,2,Leody Taveras,Left,Zac Gallen,Right,Called Strike,C,FF,Four-Seam Fastball,0,0,0,0,92.8,84.0,3.74145512436785,1.89757172125596,3,0.91,0.40789841841499586,6.450527515844769,0.8293574046427954,-0.8293574046427954,1.7765476499464978,3.862479195677312,0.7171800023578234,3.4061341414581583,19.2,3.6,24.0,-14.2,18.0,4.9,2288,213,False,False,False,0.0,0.0,,,,,,,,,,,,,,,
90,748542,2023-10-28T00:05:00Z,Globe Life Field,-5,Artificial Turf,Retractable,Roof Closed,73,"0 mph, None",42472,242,5,6,11,2023-10-28T01:01:21.567Z,2023-10-28T01:01:25.221Z,1,0,1,3,False,3,2,Leody Taveras,Left,Zac Gallen,Right,Swinging Strike,S,CH,Changeup,0,1,0,1,87.0,79.3,3.63,1.77,13,0.91,0.43458302712465935,6.414518744826823,0.8293574046427954,-0.8293574046427954,1.6489759286905379,3.751024071309462,-1.3040798412482622,1.7997697546113567,26.4,8.4,24.0,-35.2,1.3,17.3,1643,225,False,False,False,0.0,0.0,,,,,,,,,,,,,,,
91,748542,2023-10-28T00:05:00Z,Globe Life Field,-5,Artificial Turf,Retractable,Roof Closed,73,"0 mph, None",42472,242,5,6,11,2023-10-28T01:01:46.646Z,2023-10-28T01:01:49.698Z,1,0,1,3,False,3,2,Leody Taveras,Left,Zac Gallen,Right,Ball,B,CH,Changeup,0,2,0,3,87.7,80.2,3.7682110651039,1.87090598522312,13,0.91,0.43127775670649315,6.561544136347679,0.8293574046427954,-0.8293574046427954,1.7498819139136579,3.889235136413362,-0.507485502359959,0.6625616539507483,27.6,8.4,24.0,-33.6,2.3,17.2,1674,234,False,False,False,0.0,0.0,,,,,,,,,,,,,,,
92,748542,2023-10-28T00:05:00Z,Globe Life Field,-5,Artificial Turf,Retractable,Roof Closed,73,"0 mph, None",42472,242,5,6,11,2023-10-28T01:02:03.446Z,2023-10-28T01:02:06.848Z,1,0,1,3,False,3,2,Leody Taveras,Left,Zac Gallen,Right,Ball,B,FF,Four-Seam Fastball,1,2,0,4,94.6,85.8,3.7147012179289,1.84424147004768,12,0.92,0.39943544616004845,6.433088892356326,0.8293574046427954,-0.8293574046427954,1.7232173987382178,3.835725289238362,0.2621359320696085,4.23026259353493,21.6,3.6,24.0,-12.6,18.2,4.8,2422,207,False,False,False,0.0,0.0,,,,,,,,,,,,,,,
93,748542,2023-10-28T00:05:00Z,Globe Life Field,-5,Artificial Turf,Retractable,Roof Closed,73,"0 mph, None",42472,242,5,6,11,2023-10-28T01:02:18.599Z,2023-10-28T01:02:21.738Z,1,0,1,3,False,3,2,Leody Taveras,Left,Zac Gallen,Right,Swinging Strike,S,CH,Changeup,2,2,0,5,87.9,80.8,3.63,1.77,14,0.89,0.4290064341327331,6.691409282180069,0.8293574046427954,-0.8293574046427954,1.6489759286905379,3.751024071309462,0.4067429187784181,1.3035856252787217,22.8,7.2,24.0,-28.8,6.7,11.9,1559,233,False,False,False,0.0,0.0,0.0,0.0,Strikeout,strikeout,Leody Taveras strikes out swinging.,Ks,0.0,,,,,,,,
94,748542,2023-10-28T00:05:00Z,Globe Life Field,-5,Artificial Turf,Retractable,Roof Closed,73,"0 mph, None",42472,242,5,6,11,2023-10-28T01:02:48.484Z,2023-10-28T01:02:52.575Z,1,0,1,3,False,3,2,Marcus Semien,Right,Zac Gallen,Right,Called Strike,C,KC,Knuckle Curve,0,0,1,0,82.4,75.8,3.34035068559147,1.60431380483747,8,0.9,0.4578416227696991,6.73775065146187,0.8293574046427954,-0.8293574046427954,1.483289733528008,3.4613747569009323,0.022892388529026402,1.8058837817719835,3.6,10.8,24.0,-49.9,-9.5,-2.9,2470,39,False,False,False,0.0,0.0,,,,,,,,,,,,,,,
95,748542,2023-10-28T00:05:00Z,Globe Life Field,-5,Artificial Turf,Retractable,Roof Closed,73,"0 mph, None",42472,242,5,6,11,2023-10-28T01:03:00.801Z,2023-10-28T01:03:07.621Z,1,0,1,3,False,3,2,Marcus Semien,Right,Zac Gallen,Right,Foul,F,FC,Cutter,0,1,1,1,89.5,82.6,3.25,1.55,6,0.91,0.4197082877727327,6.827318892505554,0.8293574046427954,-0.8293574046427954,1.428975928690538,3.371024071309462,0.7083853946986577,2.4853037137803398,7.2,4.8,24.0,-23.4,10.7,-2.9,2362,189,False,False,False,0.0,0.0,,,,,,,,,,,,,,,
96,748542,2023-10-28T00:05:00Z,Globe Life Field,-5,Artificial Turf,Retractable,Roof Closed,73,"0 mph, None",42472,242,5,6,11,2023-10-28T01:03:46.346Z,2023-10-28T01:03:50.595Z,1,0,1,3,False,3,2,Marcus Semien,Right,Zac Gallen,Right,Ball,B,SL,Slider,0,2,1,2,88.4,81.4,3.36707787041643,1.54928064807801,12,2.0,0.4260353926350673,6.5863988405077505,0.8293574046427954,-0.8293574046427954,1.4282565767685478,3.4881019417258923,1.5601733175045382,2.7121406501920005,10.8,6.0,24.0,-28.1,7.0,-5.6,2344,167,False,False,False,0.0,0.0,,,,,,,,,,,,,,,
97,748542,2023-10-28T00:05:00Z,Globe Life Field,-5,Artificial Turf,Retractable,Roof Closed,73,"0 mph, None",42472,242,5,6,11,2023-10-28T01:03:59.375Z,2023-10-28T01:04:02.712Z,1,0,1,3,False,3,2,Marcus Semien,Right,Zac Gallen,Right,Swinging Strike,S,CH,Changeup,1,2,1,3,88.6,81.0,3.25,1.55,13,0.9,0.42653052630499566,6.642799048002377,0.8293574046427954,-0.8293574046427954,1.428975928690538,3.371024071309462,-0.5328845814316003,1.2323923311298377,22.8,7.2,24.0,-32.0,3.1,13.4,1487,228,False,False,False,0.0,0.0,0.0,0.0,Strikeout,strikeout,Marcus Semien strikes out swinging.,Ks,0.0,,,,,,,,
98,748542,2023-10-28T00:05:00Z,Globe Life Field,-5,Artificial Turf,Retractable,Roof Closed,73,"0 mph, None",42472,242,5,6,11,2023-10-28T01:04:27.548Z,2023-10-28T01:04:31.524Z,1,0,1,3,False,3,2,Corey Seager,Left,Zac Gallen,Right,Ball,B,FC,Cutter,0,0,2,0,91.7,84.2,3.52747940092535,1.5510089802602,12,0.9,0.41031451312547995,6.692713180628735,0.8293574046427954,-0.8293574046427954,1.429984908950738,3.648503472234812,0.8459847940453029,2.997383895327098,6.0,4.8,24.0,-20.3,12.2,-2.3,2322,195,False,False,False,0.0,0.0,,,,,,,,,,,,,,,
99,748542,2023-10-28T00:05:00Z,Globe Life Field,-5,Artificial Turf,Retractable,Roof Closed,73,"0 mph, None",42472,242,5,6,11,2023-10-28T01:04:57.956Z,2023-10-28T01:05:01.422Z,1,0,1,3,False,3,2,Corey Seager,Left,Zac Gallen,Right,Swinging Strike,S,CH,Changeup,1,0,2,1,87.7,81.0,3.47,1.52,8,0.89,0.4287573764725918,6.523895338482125,0.8293574046427954,-0.8293574046427954,1.3989759286905379,3.5910240713094623,-0.08692822253223646,1.7472905704739379,18.0,8.4,24.0,-33.6,1.9,10.6,1486,229,False,False,False,0.0,0.0,,,,,,,,,,,,,,,
100,748542,2023-10-28T00:05:00Z,Globe Life Field,-5,Artificial Turf,Retractable,Roof Closed,73,"0 mph, None",42472,242,5,6,11,2023-10-28T01:05:12.250Z,2023-10-28T01:05:16.205Z,1,0,1,3,False,3,2,Corey Seager,Left,Zac Gallen,Right,Ball,B,CH,Changeup,1,1,2,2,88.7,81.6,3.50074115827721,1.5510089802602,13,0.91,0.4250310516930802,6.794027764552327,0.8293574046427954,-0.8293574046427954,1.429984908950738,3.6217652295866722,-0.12860572712051432,1.1545439274304627,20.4,8.4,24.0,-34.2,0.7,12.7,1464,227,False,False,False,0.0,0.0,,,,,,,,,,,,,,,
101,748542,2023-10-28T00:05:00Z,Globe Life Field,-5,Artificial Turf,Retractable,Roof Closed,73,"0 mph, None",42472,242,5,6,11,2023-10-28T01:05:25.879Z,2023-10-28T01:05:30.387Z,1,0,1,3,False,3,2,Corey Seager,Left,Zac Gallen,Right,Ball,B,FF,Four-Seam Fastball,2,1,2,3,94.4,85.4,3.4740047988901,1.5510089802602,12,0.92,0.40164611761093294,6.65680259706974,0.8293574046427954,-0.8293574046427954,1.429984908950738,3.5950288701995623,1.1704314332571852,3.050617000974283,9.6,2.4,24.0,-12.6,18.5,2.0,2167,208,False,False,False,0.0,0.0,,,,,,,,,,,,,,,
102,748542,2023-10-28T00:05:00Z,Globe Life Field,-5,Artificial Turf,Retractable,Roof Closed,73,"0 mph, None",42472,242,5,6,11,2023-10-28T01:05:44.304Z,2023-10-28T01:05:50.638Z,1,0,1,3,False,3,2,Corey Seager,Left,Zac Gallen,Right,Ball,B,FF,Four-Seam Fastball,3,1,2,4,94.6,85.4,3.52747940092535,1.60431380483747,12,0.92,0.400978280681342,6.657059516294059,0.8293574046427954,-0.8293574046427954,1.483289733528008,3.648503472234812,1.132837606010827,3.2725757020716366,10.8,2.4,24.0,-12.6,18.4,2.3,2103,207,False,False,False,0.0,0.0,,,Walk,walk,Corey Seager walks.,BB,0.0,,,,,,,,
103,748542,2023-10-28T00:05:00Z,Globe Life Field,-5,Artificial Turf,Retractable,Roof Closed,73,"0 mph, None",42472,242,5,6,11,2023-10-28T01:06:14.778Z,2023-10-28T01:06:19.585Z,1,0,1,3,False,3,2,Evan Carter,Left,Zac Gallen,Right,Called Strike,C,CH,Changeup,0,0,2,0,88.7,81.0,3.68794932857356,1.76425512934065,9,0.87,0.4262019534132433,6.799004539778763,0.8293574046427954,-0.8293574046427954,1.643231058031188,3.808973399883022,0.3301804555718957,1.9420942522947662,20.4,7.2,24.0,-28.4,6.6,10.7,1527,237,True,False,False,0.0,0.0,,,,,,,,,,,,,,,
104,748542,2023-10-28T00:05:00Z,Globe Life Field,-5,Artificial Turf,Retractable,Roof Closed,73,"0 mph, None",42472,242,5,6,11,2023-10-28T01:06:34.245Z,2023-10-28T01:06:37.701Z,1,0,1,3,False,3,2,Evan Carter,Left,Zac Gallen,Right,Ball,B,FC,Cutter,0,1,2,1,92.1,84.5,3.68794932857356,1.71927804879973,12,0.9,0.4087481596246847,6.58587111082314,0.8293574046427954,-0.8293574046427954,1.5982539774902678,3.808973399883022,1.0634949177973883,3.7262940763556647,8.4,4.8,24.0,-21.8,10.3,-3.2,2293,201,True,False,False,0.0,0.0,,,,,,,,,,,,,,,
105,748542,2023-10-28T00:05:00Z,Globe Life Field,-5,Artificial Turf,Retractable,Roof Closed,73,"0 mph, None",42472,242,5,6,11,2023-10-28T01:06:54.880Z,2023-10-28T01:07:05.882Z,1,0,1,3,False,3,2,Evan Carter,Left,Zac Gallen,Right,"In play, no out",D,FF,Four-Seam Fastball,1,1,2,2,95.7,86.6,3.6,1.72,4,0.92,0.3955448423346142,6.552840892185557,0.8293574046427954,-0.8293574046427954,1.5989759286905378,3.7210240713094622,-0.7076128878629622,2.6698618620185286,21.6,3.6,24.0,-12.8,17.3,5.0,2245,209,True,False,False,0.0,0.0,0.182076813655761,0.1948790896159317,Double,double,Evan Carter doubles (8) on a ground ball to left fielder Lourdes Gurriel Jr. Corey Seager to 3rd.,2B,0.0,102.1,-18.0,8.0,ground_ball,medium,7,64.16,134.04
106,748542,2023-10-28T00:05:00Z,Globe Life Field,-5,Artificial Turf,Retractable,Roof Closed,73,"0 mph, None",42472,242,5,6,11,2023-10-28T01:07:44.380Z,2023-10-28T01:07:47.833Z,1,0,1,3,False,3,2,Adolis García,Right,Zac Gallen,Right,Foul,F,CH,Changeup,0,0,2,0,90.6,83.4,3.41,1.66,13,0.88,0.41583690055162403,6.768930710501301,0.8293574046427954,-0.8293574046427954,1.5389759286905378,3.5310240713094623,-0.15646351327828587,1.5059683859959352,20.4,7.2,24.0,-32.2,1.2,12.0,1537,231,False,True,True,0.0,0.0,,,,,,,,,,,,,,,
107,748542,2023-10-28T00:05:00Z,Globe Life Field,-5,Artificial Turf,Retractable,Roof Closed,73,"0 mph, None",42472,242,5,6,11,2023-10-28T01:08:07.790Z,2023-10-28T01:08:11.104Z,1,0,1,3,False,3,2,Adolis García,Right,Zac Gallen,Right,Ball,B,FF,Four-Seam Fastball,0,1,2,1,94.3,85.0,3.36707787041643,1.63096786661962,11,0.86,0.4017729852248322,6.682498053625833,0.8293574046427954,-0.8293574046427954,1.5099437953101578,3.4881019417258923,-1.034636629201122,3.255785221248275,28.8,3.6,24.0,-15.5,15.7,8.4,2343,217,False,True,True,0.0,0.0,,,,,,,,,,,,,,,
108,748542,2023-10-28T00:05:00Z,Globe Life Field,-5,Artificial Turf,Retractable,Roof Closed,73,"0 mph, None",42472,242,5,6,11,2023-10-28T01:08:28.096Z,2023-10-28T01:08:31.836Z,1,0,1,3,False,3,2,Adolis García,Right,Zac Gallen,Right,Ball,B,FF,Four-Seam Fastball,1,1,2,2,95.1,85.6,3.36707787041643,1.65927845396665,11,0.91,0.3983055767875623,6.701495357491521,0.8293574046427954,-0.8293574046427954,1.538254382657188,3.4881019417258923,-0.9966987508110962,4.32669842179078,27.6,3.6,24.0,-13.3,17.4,7.0,2403,207,False,True,True,0.0,0.0,,,,,,,,,,,,,,,
109,748542,2023-10-28T00:05:00Z,Globe Life Field,-5,Artificial Turf,Retractable,Roof Closed,73,"0 mph, None",42472,242,5,6,11,2023-10-28T01:08:50.378Z,2023-10-28T01:08:54.426Z,1,0,1,3,False,3,2,Adolis García,Right,Zac Gallen,Right,Called Strike,C,FC,Cutter,2,1,2,3,91.4,84.2,3.40927506681919,1.68427934626662,8,0.74,0.41108799705694343,6.691002012186193,0.8293574046427954,-0.8293574046427954,1.5632552749571578,3.530299138128652,-0.14894636850686857,2.263459645449091,1.2,4.8,24.0,-21.1,11.5,0.4,2426,194,False,True,True,0.0,0.0,,,,,,,,,,,,,,,
110,748542,2023-10-28T00:05:00Z,Globe Life Field,-5,Artificial Turf,Retractable,Roof Closed,73,"0 mph, None",42472,242,5,6,11,2023-10-28T01:09:31.394Z,2023-10-28T01:09:34.826Z,1,0,1,3,False,3,2,Adolis García,Right,Zac Gallen,Right,Ball In Dirt,*B,KC,Knuckle Curve,2,2,2,5,82.2,75.6,3.26017979234042,1.60431380483747,14,0.91,0.4598000734227732,6.859005934258874,0.8293574046427954,-0.8293574046427954,1.483289733528008,3.381203863649882,0.5410158680033406,0.9795142323788643,7.2,10.8,24.0,-49.3,-8.5,-6.6,2482,42,False,True,True,0.0,0.0,,,,,,,,,,,,,,,
111,748542,2023-10-28T00:05:00Z,Globe Life Field,-5,Artificial Turf,Retractable,Roof Closed,73,"0 mph, None",42472,242,5,6,11,2023-10-28T01:09:57.271Z,2023-10-28T01:10:03.285Z,1,0,1,3,False,3,2,Adolis García,Right,Zac Gallen,Right,Ball,B,CH,Changeup,3,2,2,6,89.0,81.4,3.26017979234042,1.60431380483747,14,0.89,0.4249538178818373,6.768999120593727,0.8293574046427954,-0.8293574046427954,1.483289733528008,3.381203863649882,0.1353373167165386,0.9364591211978304,20.4,7.2,24.0,-31.3,3.6,11.4,1599,231,False,True,True,0.0,0.0,,,Walk,walk,Adolis Garcia walks.,BB,0.0,,,,,,,,
112,748542,2023-10-28T00:05:00Z,Globe Life Field,-5,Artificial Turf,Retractable,Roof Closed,73,"0 mph, None",42472,242,5,6,11,2023-10-28T01:11:03.441Z,2023-10-28T01:11:06.441Z,1,0,1,3,False,3,2,Mitch Garver,Right,Zac Gallen,Right,Foul,F,FF,Four-Seam Fastball,0,0,2,1,95.3,85.6,3.39,1.58,2,0.92,0.39849464949234203,6.777136490300133,0.8293574046427954,-0.8293574046427954,1.458975928690538,3.5110240713094623,0.07927673119143129,3.2572107283808216,16.8,2.4,24.0,-12.6,18.0,3.7,2283,206,True,True,True,0.0,0.0,,,,,,,,,,,,,,,
113,748542,2023-10-28T00:05:00Z,Globe Life Field,-5,Artificial Turf,Retractable,Roof Closed,73,"0 mph, None",42472,242,5,6,11,2023-10-28T01:11:25.084Z,2023-10-28T01:11:28.303Z,1,0,1,3,False,3,2,Mitch Garver,Right,Zac Gallen,Right,Ball,B,CH,Changeup,0,1,2,2,89.2,81.3,3.44727030650582,1.57928026224576,13,0.87,0.4233569362086733,6.886414327196199,0.8293574046427954,-0.8293574046427954,1.4582561909362979,3.568294377815282,-1.1460074726705525,1.880222231855028,25.2,7.2,24.0,-28.7,5.9,13.1,1465,236,True,True,True,0.0,0.0,,,,,,,,,,,,,,,
114,748542,2023-10-28T00:05:00Z,Globe Life Field,-5,Artificial Turf,Retractable,Roof Closed,73,"0 mph, None",42472,242,5,6,11,2023-10-28T01:11:45.284Z,2023-10-28T01:11:49.611Z,1,0,1,3,False,3,2,Mitch Garver,Right,Zac Gallen,Right,Ball,B,CH,Changeup,1,1,2,3,89.1,80.9,3.4205376649815,1.5510089802602,13,0.81,0.4246397975555065,6.6129780732302645,0.8293574046427954,-0.8293574046427954,1.429984908950738,3.541561736290962,-1.0948138945175965,1.9250312765344972,24.0,7.2,24.0,-26.8,8.0,12.1,1533,232,True,True,True,0.0,0.0,,,,,,,,,,,,,,,
115,748542,2023-10-28T00:05:00Z,Globe Life Field,-5,Artificial Turf,Retractable,Roof Closed,73,"0 mph, None",42472,242,5,6,11,2023-10-28T01:12:08.684Z,2023-10-28T01:12:11.684Z,1,0,1,3,False,3,2,Mitch Garver,Right,Zac Gallen,Right,Ball,B,FC,Cutter,2,1,2,4,91.3,84.0,3.44727030650582,1.60431380483747,14,2.0,0.41352108683365785,6.781847731676299,0.8293574046427954,-0.8293574046427954,1.483289733528008,3.568294377815282,1.719989374777286,1.299085723945394,14.4,6.0,24.0,-24.5,8.5,-6.4,2481,174,True,True,True,0.0,0.0,,,,,,,,,,,,,,,
116,748542,2023-10-28T00:05:00Z,Globe Life Field,-5,Artificial Turf,Retractable,Roof Closed,73,"0 mph, None",42472,242,5,6,11,2023-10-28T01:12:31.922Z,2023-10-28T01:12:35.494Z,1,0,1,3,False,3,2,Mitch Garver,Right,Zac Gallen,Right,Called Strike,C,KC,Knuckle Curve,3,1,2,5,83.3,76.1,3.38927467936175,1.52435819484127,2,0.9,0.4539798907087942,6.929528477611686,0.8293574046427954,-0.8293574046427954,1.403334123531808,3.510298750671212,0.21419026216654855,3.064293956679133,4.8,12.0,24.0,-52.3,-12.5,-4.9,2520,42,True,True,True,0.0,0.0,,,,,,,,,,,,,,,
117,748542,2023-10-28T00:05:00Z,Globe Life Field,-5,Artificial Turf,Retractable,Roof Closed,73,"0 mph, None",42472,242,5,6,11,2023-10-28T01:12:55.368Z,2023-10-28T01:12:58.396Z,1,0,1,3,False,3,2,Mitch Garver,Right,Zac Gallen,Right,Foul,F,FF,Four-Seam Fastball,3,2,2,6,96.2,87.0,3.39,1.58,3,0.91,0.3938460933036314,6.6055681973024996,0.8293574046427954,-0.8293574046427954,1.458975928690538,3.5110240713094623,0.2877161213190492,2.9145236431180463,30.0,2.4,24.0,-10.8,19.2,6.1,2429,203,True,True,True,0.0,0.0,,,,,,,,,,,,,,,
118,748542,2023-10-28T00:05:00Z,Globe Life Field,-5,Artificial Turf,Retractable,Roof Closed,73,"0 mph, None",42472,242,5,6,11,2023-10-28T01:13:21.678Z,2023-10-28T01:13:24.678Z,1,0,1,3,False,3,2,Mitch Garver,Right,Zac Gallen,Right,Foul,F,FF,Four-Seam Fastball,3,2,2,7,96.4,87.8,3.39,1.58,2,0.92,0.3914007655189242,6.7217532808154195,0.8293574046427954,-0.8293574046427954,1.458975928690538,3.5110240713094623,-0.152281403408519,3.1711596950187513,26.4,2.4,24.0,-10.4,19.2,5.2,2390,203,True,True,True,0.0,0.0,,,,,,,,,,,,,,,
119,748542,2023-10-28T00:05:00Z,Globe Life Field,-5,Artificial Turf,Retractable,Roof Closed,73,"0 mph, None",42472,242,5,6,11,2023-10-28T01:13:48.601Z,2023-10-28T01:13:55.812Z,1,0,1,3,False,3,2,Mitch Garver,Right,Zac Gallen,Right,Ball,B,CH,Changeup,3,2,2,8,90.0,82.9,3.44727030650582,1.5510089802602,14,0.87,0.41876336068642095,6.762310151926769,0.8293574046427954,-0.8293574046427954,1.429984908950738,3.568294377815282,0.46398464160676656,1.2479330386361511,22.8,7.2,24.0,-29.4,4.4,12.2,1474,223,True,True,True,0.0,0.0,,,Walk,walk,Mitch Garver walks. Corey Seager scores. Evan Carter to 3rd. Adolis Garcia to 2nd.,BB,1.0,,,,,,,,
120,748542,2023-10-28T00:05:00Z,Globe Life Field,-5,Artificial Turf,Retractable,Roof Closed,73,"0 mph, None",42472,242,5,6,11,2023-10-28T01:15:10.650Z,2023-10-28T01:15:14.184Z,1,1,0,3,False,3,3,Jonah Heim,Left,Zac Gallen,Right,Foul,F,CH,Changeup,0,0,2,1,89.1,81.0,3.55,1.7,7,0.86,0.42464821854008195,6.5022963389486375,0.8293574046427954,-0.8293574046427954,1.5789759286905378,3.671024071309462,-0.8018527761332694,1.8214175736999392,27.6,7.2,24.0,-26.9,7.9,13.7,1439,239,True,True,True,0.0,0.0,,,,,,,,,,,,,,,
121,748542,2023-10-28T00:05:00Z,Globe Life Field,-5,Artificial Turf,Retractable,Roof Closed,73,"0 mph, None",42472,242,5,6,11,2023-10-28T01:15:35.180Z,2023-10-28T01:15:44.229Z,1,1,0,3,False,3,3,Jonah Heim,Left,Zac Gallen,Right,"In play, out(s)",X,CH,Changeup,0,1,2,2,88.8,81.3,3.55,1.7,13,0.87,0.42426192649224026,6.588839439871727,0.8293574046427954,-0.8293574046427954,1.5789759286905378,3.671024071309462,-0.8810969819300187,2.085452509433386,27.6,7.2,24.0,-26.8,7.9,13.8,1575,237,True,True,True,0.0,0.0,0.0149700598802395,0.0209580838323353,Flyout,field_out,Jonah Heim flies out to center fielder Alek Thomas.,F8,0.0,81.5,43.0,274.0,fly_ball,medium,8,108.55,91.42
122,748542,2023-10-28T00:05:00Z,Globe Life Field,-5,Artificial Turf,Retractable,Roof Closed,73,"0 mph, None",42472,242,5,6,11,2023-10-28T01:19:06.584Z,2023-10-28T01:19:11.429Z,1,0,1,4,True,3,3,Tommy Pham,Right,Nathan Eovaldi,Right,Ball,B,CU,Curveball,0,0,0,0,76.0,70.1,3.48927549517565,1.60431380483747,14,0.88,0.496017550155873,6.9193912336696695,0.8293574046427954,-0.8293574046427954,1.483289733528008,3.610299566485112,1.4813705678763607,2.555972349263882,10.8,12.0,24.0,-52.6,-5.0,-10.3,1896,42,False,False,False,0.0,0.0,,,,,,,,,,,,,,,
123,748542,2023-10-28T00:05:00Z,Globe Life Field,-5,Artificial Turf,Retractable,Roof Closed,73,"0 mph, None",42472,242,5,6,11,2023-10-28T01:19:21.176Z,2023-10-28T01:19:47.078Z,1,0,1,4,True,3,3,Tommy Pham,Right,Nathan Eovaldi,Right,"In play, run(s)",E,FS,Splitter,1,0,0,1,87.5,80.5,3.49,1.63,7,0.92,0.42978456090067096,6.6612326736536716,0.8293574046427954,-0.8293574046427954,1.5089759286905378,3.6110240713094623,-0.4927035045994065,2.2437880346927437,25.2,8.4,24.0,-32.5,3.1,15.4,1696,237,False,False,False,0.0,0.0,0.6952425812529439,2.5548751766368345,Home Run,home_run,Tommy Pham homers (3) on a fly ball to left field.,HR,1.0,102.1,28.0,419.0,fly_ball,medium,7,37.21,53.48
124,748542,2023-10-28T00:05:00Z,Globe Life Field,-5,Artificial Turf,Retractable,Roof Closed,73,"0 mph, None",42472,242,5,6,11,2023-10-28T01:20:08.665Z,2023-10-28T01:20:12.404Z,1,1,0,4,True,4,3,Lourdes Gurriel Jr.,Right,Nathan Eovaldi,Right,Called Strike,C,FC,Cutter,0,0,0,0,90.6,82.5,3.52747940092535,1.68427934626662,9,0.92,0.416890846317028,6.772832082463224,0.8293574046427954,-0.8293574046427954,1.5632552749571578,3.648503472234812,0.2873347536148786,2.3046718005698517,6.0,4.8,24.0,-23.5,10.0,-2.4,2303,196,False,False,False,0.0,0.0,,,,,,,,,,,,,,,
125,748542,2023-10-28T00:05:00Z,Globe Life Field,-5,Artificial Turf,Retractable,Roof Closed,73,"0 mph, None",42472,242,5,6,11,2023-10-28T01:20:23.976Z,2023-10-28T01:20:27.226Z,1,1,0,4,True,4,3,Lourdes Gurriel Jr.,Right,Nathan Eovaldi,Right,Foul Tip,T,CU,Curveball,0,1,0,1,76.8,70.5,3.61,1.72,14,0.88,0.49222699536125614,6.909881269257601,0.8293574046427954,-0.8293574046427954,1.5989759286905378,3.731024071309462,0.675734104230627,1.3840505620554449,6.0,12.0,24.0,-55.7,-8.9,-6.0,1936,41,False,False,False,0.0,0.0,,,,,,,,,,,,,,,
126,748542,2023-10-28T00:05:00Z,Globe Life Field,-5,Artificial Turf,Retractable,Roof Closed,73,"0 mph, None",42472,242,5,6,11,2023-10-28T01:20:48.083Z,2023-10-28T01:20:55.971Z,1,1,0,4,True,4,3,Lourdes Gurriel Jr.,Right,Nathan Eovaldi,Right,"In play, out(s)",X,FF,Four-Seam Fastball,0,2,0,3,96.1,87.1,3.61,1.72,8,0.93,0.39410662877993774,6.717804272778758,0.8293574046427954,-0.8293574046427954,1.5989759286905378,3.731024071309462,0.1347065179647605,1.886371594535834,40.8,4.8,24.0,-16.7,13.3,14.2,2231,233,False,False,False,0.0,0.0,0.0728900255754475,0.0818414322250639,Groundout,field_out,"Lourdes Gurriel Jr. grounds out, shortstop Corey Seager to first baseman Nathaniel Lowe.",6-3,0.0,87.4,-20.0,5.0,ground_ball,medium,6,115.87,148.24
127,748542,2023-10-28T00:05:00Z,Globe Life Field,-5,Artificial Turf,Retractable,Roof Closed,73,"0 mph, None",42472,242,5,6,11,2023-10-28T01:21:27.689Z,2023-10-28T01:21:33.075Z,1,1,0,4,True,4,3,Alek Thomas,Left,Nathan Eovaldi,Right,Ball,B,CU,Curveball,0,0,1,1,76.2,70.0,3.20674125934959,1.42928351912548,11,0.89,0.4946149185102384,6.420337976470641,0.8293574046427954,-0.8293574046427954,1.3082594478160179,3.327765330659052,-0.9463071165564826,2.8824616611478047,8.4,12.0,24.0,-52.7,-5.4,-8.0,1804,43,False,False,False,0.0,0.0,,,,,,,,,,,,,,,
128,748542,2023-10-28T00:05:00Z,Globe Life Field,-5,Artificial Turf,Retractable,Roof Closed,73,"0 mph, None",42472,242,5,6,11,2023-10-28T01:21:42.170Z,2023-10-28T01:21:46.928Z,1,1,0,4,True,4,3,Alek Thomas,Left,Nathan Eovaldi,Right,Ball,B,FF,Four-Seam Fastball,1,0,1,2,95.5,86.3,3.23345966319085,1.49770847902759,14,0.92,0.3977158696461256,6.654622980404343,0.8293574046427954,-0.8293574046427954,1.376684407718128,3.3544837345003122,1.8358421232158129,2.358482719892573,32.4,4.8,24.0,-17.6,12.8,11.0,2140,231,False,False,False,0.0,0.0,,,,,,,,,,,,,,,
129,748542,2023-10-28T00:05:00Z,Globe Life Field,-5,Artificial Turf,Retractable,Roof Closed,73,"0 mph, None",42472,242,5,6,11,2023-10-28T01:21:57.578Z,2023-10-28T01:22:00.674Z,1,1,0,4,True,4,3,Alek Thomas,Left,Nathan Eovaldi,Right,Swinging Strike,S,FS,Splitter,2,0,1,3,88.8,81.2,3.21,1.43,8,0.91,0.4253676627021301,6.678628901926605,0.8293574046427954,-0.8293574046427954,1.3089759286905378,3.331024071309462,0.16788371164339985,1.6667615460796812,25.2,8.4,24.0,-34.0,1.0,15.7,1570,241,False,False,False,0.0,0.0,,,,,,,,,,,,,,,
130,748542,2023-10-28T00:05:00Z,Globe Life Field,-5,Artificial Turf,Retractable,Roof Closed,73,"0 mph, None",42472,242,5,6,11,2023-10-28T01:22:11.666Z,2023-10-28T01:22:15.071Z,1,1,0,4,True,4,3,Alek Thomas,Left,Nathan Eovaldi,Right,Swinging Strike,S,FS,Splitter,2,1,1,4,89.6,82.2,3.21,1.43,13,0.89,0.4210579541669168,6.777265419445522,0.8293574046427954,-0.8293574046427954,1.3089759286905378,3.331024071309462,-0.1901546394844307,1.2310706574185817,22.8,8.4,24.0,-33.4,0.8,14.2,1636,240,False,False,False,0.0,0.0,,,,,,,,,,,,,,,
131,748542,2023-10-28T00:05:00Z,Globe Life Field,-5,Artificial Turf,Retractable,Roof Closed,73,"0 mph, None",42472,242,5,6,11,2023-10-28T01:22:28.828Z,2023-10-28T01:22:31.828Z,1,1,0,4,True,4,3,Alek Thomas,Left,Nathan Eovaldi,Right,Foul,F,FF,Four-Seam Fastball,2,2,1,5,95.6,86.3,3.21,1.43,12,0.91,0.3962720411449303,6.696588806635618,0.8293574046427954,-0.8293574046427954,1.3089759286905378,3.331024071309462,0.10318084662198314,3.6740847988243925,32.4,4.8,24.0,-19.4,10.9,12.2,2073,232,False,False,False,0.0,0.0,,,,,,,,,,,,,,,
132,748542,2023-10-28T00:05:00Z,Globe Life Field,-5,Artificial Turf,Retractable,Roof Closed,73,"0 mph, None",42472,242,5,6,11,2023-10-28T01:22:53.272Z,2023-10-28T01:23:00.877Z,1,1,0,4,True,4,3,Alek Thomas,Left,Nathan Eovaldi,Right,"In play, out(s)",X,CU,Curveball,2,2,1,6,77.3,71.4,3.21,1.43,4,0.87,0.48658100745202315,6.567582660187286,0.8293574046427954,-0.8293574046427954,1.3089759286905378,3.331024071309462,-0.5533922515543375,2.169871231534675,8.4,12.0,24.0,-51.2,-5.5,-7.2,1899,35,False,False,False,0.0,0.0,0.1461988304093567,0.1520467836257309,Groundout,field_out,"Alek Thomas grounds out, first baseman Nathaniel Lowe to pitcher Nathan Eovaldi.",3-1,0.0,65.8,-43.0,4.0,ground_ball,medium,3,153.89,161.93
133,748542,2023-10-28T00:05:00Z,Globe Life Field,-5,Artificial Turf,Retractable,Roof Closed,73,"0 mph, None",42472,242,5,6,11,2023-10-28T01:23:33.876Z,2023-10-28T01:23:38.718Z,1,1,0,4,True,4,3,Evan Longoria,Right,Nathan Eovaldi,Right,Called Strike,C,CU,Curveball,0,0,2,0,76.9,70.5,3.60770559250685,1.60431380483747,6,0.89,0.4913960424982129,6.779573482697347,0.8293574046427954,-0.8293574046427954,1.483289733528008,3.728729663816312,0.6808965636707636,2.5806942007965206,8.4,13.2,24.0,-55.4,-8.8,-8.8,1884,42,False,False,False,0.0,0.0,,,,,,,,,,,,,,,
134,748542,2023-10-28T00:05:00Z,Globe Life Field,-5,Artificial Turf,Retractable,Roof Closed,73,"0 mph, None",42472,242,5,6,11,2023-10-28T01:23:49.453Z,2023-10-28T01:23:52.715Z,1,1,0,4,True,4,3,Evan Longoria,Right,Nathan Eovaldi,Right,Swinging Strike,S,FS,Splitter,0,1,2,1,88.9,81.8,3.66,1.73,14,0.9,0.4241983342341502,6.899752093494898,0.8293574046427954,-0.8293574046427954,1.6089759286905378,3.7810240713094623,0.41618886895271795,1.0963505247001646,24.0,8.4,24.0,-33.2,1.6,14.2,1458,235,False,False,False,0.0,0.0,,,,,,,,,,,,,,,
135,748542,2023-10-28T00:05:00Z,Globe Life Field,-5,Artificial Turf,Retractable,Roof Closed,73,"0 mph, None",42472,242,5,6,11,2023-10-28T01:24:14.956Z,2023-10-28T01:24:20.278Z,1,1,0,4,True,4,3,Evan Longoria,Right,Nathan Eovaldi,Right,Ball,B,FF,Four-Seam Fastball,0,2,2,3,96.4,87.3,3.63445153280308,1.68427934626662,11,0.93,0.39187493517309946,6.620014297636898,0.8293574046427954,-0.8293574046427954,1.5632552749571578,3.7554756041125423,-1.2635745174311206,3.8830679193549957,42.0,4.8,24.0,-17.4,12.2,15.6,2046,233,False,False,False,0.0,0.0,,,,,,,,,,,,,,,
136,748542,2023-10-28T00:05:00Z,Globe Life Field,-5,Artificial Turf,Retractable,Roof Closed,73,"0 mph, None",42472,242,5,6,11,2023-10-28T01:24:31.032Z,2023-10-28T01:24:34.032Z,1,1,0,4,True,4,3,Evan Longoria,Right,Nathan Eovaldi,Right,Ball,B,CU,Curveball,1,2,2,4,79.5,73.2,3.60770559250685,1.65762304326779,14,0.8,0.4752660112872449,6.89488889600682,0.8293574046427954,-0.8293574046427954,1.536598971958328,3.728729663816312,1.7231480812434345,1.3643323030479262,2.4,10.8,24.0,-49.8,-6.1,-2.4,1809,37,False,False,False,0.0,0.0,,,,,,,,,,,,,,,
137,748542,2023-10-28T00:05:00Z,Globe Life Field,-5,Artificial Turf,Retractable,Roof Closed,73,"0 mph, None",42472,242,5,6,11,2023-10-28T01:24:50.649Z,2023-10-28T01:24:55.192Z,1,1,0,4,True,4,3,Evan Longoria,Right,Nathan Eovaldi,Right,Called Strike,C,FF,Four-Seam Fastball,2,2,2,5,96.7,87.6,3.66047782055621,1.71021436584364,14,0.93,0.39182483578412963,6.791667304686678,0.8293574046427954,-0.8293574046427954,1.5891902945341778,3.781501891865672,0.9525090950617806,2.4224459783089713,40.8,4.8,24.0,-15.8,13.8,13.7,2138,234,False,False,False,0.1367944461213401,0.0145230572850148,0.0,0.0,Strikeout,strikeout,Evan Longoria called out on strikes.,Kc,0.0,,,,,,,,
138,748542,2023-10-28T00:05:00Z,Globe Life Field,-5,Artificial Turf,Retractable,Roof Closed,73,"0 mph, None",42472,242,5,6,11,2023-10-28T01:28:19.638Z,2023-10-28T01:28:22.851Z,0,0,0,4,False,4,3,Nathaniel Lowe,Left,Zac Gallen,Right,Foul,F,FF,Four-Seam Fastball,0,0,0,0,93.2,84.2,3.46,1.64,2,0.92,0.4065020839794422,6.604651507445848,0.8293574046427954,-0.8293574046427954,1.5189759286905378,3.581024071309462,0.0701966667788665,3.392661181589289,9.6,2.4,24.0,-12.7,19.2,2.2,2351,197,False,False,False,0.0,0.0,,,,,,,,,,,,,,,
139,748542,2023-10-28T00:05:00Z,Globe Life Field,-5,Artificial Turf,Retractable,Roof Closed,73,"0 mph, None",42472,242,5,6,11,2023-10-28T01:28:37.509Z,2023-10-28T01:28:46.549Z,0,0,0,4,False,4,3,Nathaniel Lowe,Left,Zac Gallen,Right,"In play, out(s)",X,FF,Four-Seam Fastball,0,1,0,1,93.2,85.4,3.46,1.64,12,0.91,0.4041728621736116,6.494361113651987,0.8293574046427954,-0.8293574046427954,1.5189759286905378,3.581024071309462,0.8091804243510937,3.1758508988722958,14.4,3.6,24.0,-13.3,18.2,3.5,2335,201,False,False,False,0.0,0.0,0.0347490347490347,0.0424710424710424,Flyout,field_out,Nathaniel Lowe flies out to left fielder Lourdes Gurriel Jr.,F7,0.0,79.4,46.0,247.0,fly_ball,medium,7,94.97,105.92
140,748542,2023-10-28T00:05:00Z,Globe Life Field,-5,Artificial Turf,Retractable,Roof Closed,73,"0 mph, None",42472,242,5,6,11,2023-10-28T01:29:12.559Z,2023-10-28T01:29:16.988Z,0,0,0,4,False,4,3,Josh Jung,Right,Zac Gallen,Right,Ball,B,SL,Slider,0,0,1,0,88.6,82.0,3.7682110651039,1.73927703591112,14,2.0,0.4238861529781657,6.432396897169694,0.8293574046427954,-0.8293574046427954,1.618252964601658,3.889235136413362,1.0942623947426022,2.764109045575258,8.4,6.0,24.0,-27.7,7.0,-4.2,2486,161,False,False,False,0.0,0.0,,,,,,,,,,,,,,,
141,748542,2023-10-28T00:05:00Z,Globe Life Field,-5,Artificial Turf,Retractable,Roof Closed,73,"0 mph, None",42472,242,5,6,11,2023-10-28T01:29:28.513Z,2023-10-28T01:29:32.676Z,0,0,0,4,False,4,3,Josh Jung,Right,Zac Gallen,Right,Called Strike,C,SL,Slider,1,0,1,1,88.5,81.6,3.7407341596825,1.71021517938029,14,2.0,0.4247825256468132,6.604959782961412,0.8293574046427954,-0.8293574046427954,1.5891911080708279,3.861758230991962,0.95303296777363,2.6979081271453254,12.0,6.0,24.0,-28.0,6.8,-6.0,2327,175,False,False,False,-0.0841121627492096,-0.0107333230708376,,,,,,,,,,,,,,,
142,748542,2023-10-28T00:05:00Z,Globe Life Field,-5,Artificial Turf,Retractable,Roof Closed,73,"0 mph, None",42472,242,5,6,11,2023-10-28T01:29:51.990Z,2023-10-28T01:29:55.134Z,0,0,0,4,False,4,3,Josh Jung,Right,Zac Gallen,Right,Ball,B,CH,Changeup,1,1,1,2,88.0,81.1,3.74145512436785,1.73927703591112,14,0.9,0.4281480018289976,6.601786618936218,0.8293574046427954,-0.8293574046427954,1.618252964601658,3.862479195677312,0.006755811170126163,1.0283056714266607,21.6,7.2,24.0,-31.2,4.2,12.2,1632,227,False,False,False,0.0,0.0,,,,,,,,,,,,,,,
143,748542,2023-10-28T00:05:00Z,Globe Life Field,-5,Artificial Turf,Retractable,Roof Closed,73,"0 mph, None",42472,242,5,6,11,2023-10-28T01:30:09.394Z,2023-10-28T01:30:22.912Z,0,0,0,4,False,4,3,Josh Jung,Right,Zac Gallen,Right,"In play, no out",D,SL,Slider,2,1,1,3,87.6,81.2,3.64,1.74,6,2.0,0.4282549328019809,6.635394532599034,0.8293574046427954,-0.8293574046427954,1.6189759286905379,3.7610240713094623,0.6578016177549968,2.527141599314474,12.0,7.2,24.0,-30.5,4.9,-6.4,2514,153,False,False,False,0.0,0.0,0.9519083969465648,1.2183206106870228,Single,single,Josh Jung singles on a sharp line drive to right fielder Corbin Carroll.,1B,0.0,103.9,11.0,236.0,line_drive,hard,9,172.62,82.95
144,748542,2023-10-28T00:05:00Z,Globe Life Field,-5,Artificial Turf,Retractable,Roof Closed,73,"0 mph, None",42472,242,5,6,11,2023-10-28T01:30:48.124Z,2023-10-28T01:30:52.197Z,0,0,0,4,False,4,3,Leody Taveras,Left,Zac Gallen,Right,Ball,B,CH,Changeup,0,0,1,0,88.3,81.1,3.74145512436785,1.84424147004768,13,0.88,0.42696145233844884,6.629462581703617,0.8293574046427954,-0.8293574046427954,1.7232173987382178,3.862479195677312,-0.6176683146898454,1.1809842900131942,31.2,7.2,24.0,-27.1,8.0,16.0,1679,231,True,False,False,0.0,0.0,,,,,,,,,,,,,,,
145,748542,2023-10-28T00:05:00Z,Globe Life Field,-5,Artificial Turf,Retractable,Roof Closed,73,"0 mph, None",42472,242,5,6,11,2023-10-28T01:31:23.474Z,2023-10-28T01:31:26.699Z,0,0,0,4,False,4,3,Leody Taveras,Left,Zac Gallen,Right,Foul,F,FF,Four-Seam Fastball,1,0,1,2,94.4,85.5,3.63,1.77,12,0.92,0.4006181936705797,6.44244559621733,0.8293574046427954,-0.8293574046427954,1.6489759286905379,3.751024071309462,0.2963683560935799,4.0053593620976935,2.4,2.4,24.0,-10.8,20.2,-0.5,2324,206,True,False,False,0.0,0.0,,,,,,,,,,,,,,,
146,748542,2023-10-28T00:05:00Z,Globe Life Field,-5,Artificial Turf,Retractable,Roof Closed,73,"0 mph, None",42472,242,5,6,11,2023-10-28T01:31:45.591Z,2023-10-28T01:31:49.240Z,0,0,0,4,False,4,3,Leody Taveras,Left,Zac Gallen,Right,Called Strike,C,CH,Changeup,1,1,1,3,87.0,79.6,3.7147012179289,1.84424147004768,7,0.89,0.43336698494094783,6.656315868889947,0.8293574046427954,-0.8293574046427954,1.7232173987382178,3.835725289238362,-0.698597520765568,2.2797269888363703,20.4,7.2,24.0,-28.8,7.4,10.9,1467,232,True,False,False,0.0,0.0,,,,,,,,,,,,,,,
147,748542,2023-10-28T00:05:00Z,Globe Life Field,-5,Artificial Turf,Retractable,Roof Closed,73,"0 mph, None",42472,242,5,6,11,2023-10-28T01:32:06.367Z,2023-10-28T01:32:10.478Z,0,0,0,4,False,4,3,Leody Taveras,Left,Zac Gallen,Right,Swinging Strike (Blocked),W,KC,Knuckle Curve,1,2,1,4,81.8,75.5,3.63,1.77,14,0.89,0.46150246156788377,6.613592488081868,0.8293574046427954,-0.8293574046427954,1.6489759286905379,3.751024071309462,0.8009767217210061,0.7915015870538655,3.6,10.8,24.0,-48.8,-7.8,-3.2,2364,49,True,False,False,0.0,0.0,0.0,0.0,Strikeout,strikeout,Leody Taveras strikes out swinging.,Ks,0.0,,,,,,,,
148,748542,2023-10-28T00:05:00Z,Globe Life Field,-5,Artificial Turf,Retractable,Roof Closed,73,"0 mph, None",42472,242,5,6,11,2023-10-28T01:32:40.304Z,2023-10-28T01:32:43.304Z,0,0,0,4,False,4,3,Marcus Semien,Right,Zac Gallen,Right,Swinging Strike,S,KC,Knuckle Curve,0,0,2,0,80.9,74.2,3.25,1.55,14,0.9,0.4679746982345607,6.059486071275249,0.8293574046427954,-0.8293574046427954,1.428975928690538,3.371024071309462,0.25420942104148625,1.073678352609589,4.8,12.0,24.0,-54.6,-12.2,-4.7,2469,49,True,False,False,0.0,0.0,,,,,,,,,,,,,,,
149,748542,2023-10-28T00:05:00Z,Globe Life Field,-5,Artificial Turf,Retractable,Roof Closed,73,"0 mph, None",42472,242,5,6,11,2023-10-28T01:32:59.723Z,2023-10-28T01:33:04.862Z,0,0,0,4,False,4,3,Marcus Semien,Right,Zac Gallen,Right,Ball,B,SL,Slider,0,1,2,1,88.6,81.3,3.34035068559147,1.54928064807801,12,2.0,0.42505255787783636,6.711798338398745,0.8293574046427954,-0.8293574046427954,1.4282565767685478,3.4613747569009323,0.9961751959483096,3.3189942747587073,10.8,6.0,24.0,-26.2,8.8,-5.3,2410,166,True,False,False,0.0,0.0,,,,,,,,,,,,,,,
150,748542,2023-10-28T00:05:00Z,Globe Life Field,-5,Artificial Turf,Retractable,Roof Closed,73,"0 mph, None",42472,242,5,6,11,2023-10-28T01:33:16.909Z,2023-10-28T01:33:21.767Z,0,0,0,4,False,4,3,Marcus Semien,Right,Zac Gallen,Right,Ball In Dirt,*B,CH,Changeup,1,1,2,2,88.1,80.4,3.34035068559147,1.63096786661962,14,0.86,0.4299322719195615,6.770928459121113,0.8293574046427954,-0.8293574046427954,1.5099437953101578,3.4613747569009323,0.24258349956693315,0.7743981046695491,15.6,7.2,24.0,-31.7,4.0,8.5,1533,230,True,False,False,0.0,0.0,,,,,,,,,,,,,,,
151,748542,2023-10-28T00:05:00Z,Globe Life Field,-5,Artificial Turf,Retractable,Roof Closed,73,"0 mph, None",42472,242,5,6,11,2023-10-28T01:33:44.174Z,2023-10-28T01:33:47.174Z,0,0,0,4,False,4,3,Marcus Semien,Right,Zac Gallen,Right,Foul,F,CH,Changeup,2,1,2,3,88.5,80.8,3.25,1.55,5,0.82,0.4265876022496977,6.631865379241021,0.8293574046427954,-0.8293574046427954,1.428975928690538,3.371024071309462,0.15655422053923618,2.4067564257127314,22.8,6.0,24.0,-24.1,11.0,10.1,1461,227,True,False,False,0.0,0.0,,,,,,,,,,,,,,,
152,748542,2023-10-28T00:05:00Z,Globe Life Field,-5,Artificial Turf,Retractable,Roof Closed,73,"0 mph, None",42472,242,5,6,11,2023-10-28T01:34:09.719Z,2023-10-28T01:34:17.745Z,0,0,0,4,False,4,3,Marcus Semien,Right,Zac Gallen,Right,"In play, out(s)",X,CH,Changeup,2,2,2,4,88.3,81.1,3.25,1.55,8,0.9,0.4266647143509399,6.571171508824964,0.8293574046427954,-0.8293574046427954,1.428975928690538,3.371024071309462,-0.14716824567227751,1.8250443224800421,19.2,7.2,24.0,-32.0,3.1,11.2,1474,234,True,False,False,0.0,0.0,0.206516290726817,0.5137844611528822,Flyout,field_out,Marcus Semien flies out to left fielder Lourdes Gurriel Jr.,F7,0.0,94.4,26.0,366.0,fly_ball,medium,7,78.47,59.03
153,748542,2023-10-28T00:05:00Z,Globe Life Field,-5,Artificial Turf,Retractable,Roof Closed,73,"0 mph, None",42472,242,5,6,11,2023-10-28T01:37:23.345Z,2023-10-28T01:37:26.765Z,1,0,1,5,True,4,3,Geraldo Perdomo,Left,Nathan Eovaldi,Right,Called Strike,C,FF,Four-Seam Fastball,0,0,0,0,93.2,84.6,3.44727030650582,1.65762304326779,2,0.88,0.405577869815537,6.799845580431073,0.8293574046427954,-0.8293574046427954,1.536598971958328,3.568294377815282,-0.1415256760186813,3.1161575633242413,34.8,6.0,24.0,-19.8,11.9,13.8,2161,228,False,False,False,0.0,0.0,,,,,,,,,,,,,,,
154,748542,2023-10-28T00:05:00Z,Globe Life Field,-5,Artificial Turf,Retractable,Roof Closed,73,"0 mph, None",42472,242,5,6,11,2023-10-28T01:37:38.562Z,2023-10-28T01:37:42.707Z,1,0,1,5,True,4,3,Geraldo Perdomo,Left,Nathan Eovaldi,Right,Ball,B,FS,Splitter,0,1,0,1,87.9,80.6,3.44727030650582,1.65762304326779,14,0.91,0.42976064607368514,7.040539135574617,0.8293574046427954,-0.8293574046427954,1.536598971958328,3.568294377815282,0.45504964074678345,0.8586366476428002,22.8,8.4,24.0,-34.8,0.8,14.0,1715,233,False,False,False,0.0,0.0,,,,,,,,,,,,,,,
155,748542,2023-10-28T00:05:00Z,Globe Life Field,-5,Artificial Turf,Retractable,Roof Closed,73,"0 mph, None",42472,242,5,6,11,2023-10-28T01:37:55.836Z,2023-10-28T01:38:05.834Z,1,0,1,5,True,4,3,Geraldo Perdomo,Left,Nathan Eovaldi,Right,"In play, no out",D,FF,Four-Seam Fastball,1,1,0,2,94.9,86.3,3.41,1.57,4,0.9,0.39789766683321437,6.627639211198817,0.8293574046427954,-0.8293574046427954,1.448975928690538,3.5310240713094623,-0.37833468023864264,2.573606599342353,37.2,6.0,24.0,-19.6,11.0,15.1,2179,231,False,False,False,0.0,0.0,0.9400235201881616,1.1485691885535083,Single,single,Geraldo Perdomo singles on a line drive to center fielder Leody Taveras.,1B,0.0,100.0,11.0,235.0,line_drive,medium,8,117.63,77.4
156,748542,2023-10-28T00:05:00Z,Globe Life Field,-5,Artificial Turf,Retractable,Roof Closed,73,"0 mph, None",42472,242,5,6,11,2023-10-28T01:39:07.579Z,2023-10-28T01:39:14.396Z,1,0,1,5,True,4,3,Corbin Carroll,Left,Nathan Eovaldi,Right,Pitchout,P,FS,Splitter,0,0,0,1,90.7,82.8,3.12,1.49,11,2.0,0.4151757816419037,6.47206391809692,0.8293574046427954,-0.8293574046427954,1.3689759286905379,3.2410240713094622,-3.2110312110348844,3.7526084359592993,28.8,6.0,24.0,-23.4,9.8,13.0,1990,234,True,False,False,0.0,0.0,,,,,,,,,,,,,,,
157,748542,2023-10-28T00:05:00Z,Globe Life Field,-5,Artificial Turf,Retractable,Roof Closed,73,"0 mph, None",42472,242,5,6,11,2023-10-28T01:39:33.379Z,2023-10-28T01:39:36.379Z,1,0,1,5,True,4,3,Corbin Carroll,Left,Nathan Eovaldi,Right,Ball,B,FC,Cutter,1,0,0,3,89.5,82.3,3.1533095667039,1.48928225615321,11,0.91,0.4192355315289502,6.451893343154333,0.8293574046427954,-0.8293574046427954,1.3682581848437478,3.274333638013362,-0.7863334542477727,3.640029699639967,2.4,6.0,24.0,-25.2,8.6,-1.1,2318,193,True,False,False,0.0,0.0,,,,,,,,,,,,,,,
158,748542,2023-10-28T00:05:00Z,Globe Life Field,-5,Artificial Turf,Retractable,Roof Closed,73,"0 mph, None",42472,242,5,6,11,2023-10-28T01:39:54.269Z,2023-10-28T01:39:57.646Z,1,0,1,5,True,4,3,Corbin Carroll,Left,Nathan Eovaldi,Right,Ball,B,FF,Four-Seam Fastball,2,0,0,4,93.5,85.2,3.18002456557054,1.57766084650001,11,0.89,0.4030460938355622,6.664179241588824,0.8293574046427954,-0.8293574046427954,1.4566367751905478,3.3010486368800023,-1.3194874734845965,3.454362269022039,34.8,6.0,24.0,-19.8,11.5,13.7,2118,227,True,False,False,0.0,0.0,,,,,,,,,,,,,,,
159,748542,2023-10-28T00:05:00Z,Globe Life Field,-5,Artificial Turf,Retractable,Roof Closed,73,"0 mph, None",42472,242,5,6,11,2023-10-28T01:40:15.301Z,2023-10-28T01:40:20.914Z,1,0,1,5,True,4,3,Corbin Carroll,Left,Nathan Eovaldi,Right,Called Strike,C,FF,Four-Seam Fastball,3,0,0,5,94.6,86.4,3.20674125934959,1.5510089802602,2,0.91,0.39825115519060494,6.708013089309409,0.8293574046427954,-0.8293574046427954,1.429984908950738,3.327765330659052,-0.206289931794072,2.8823295409378593,37.2,4.8,24.0,-18.0,12.6,13.7,2207,224,True,False,False,0.0,0.0,,,,,,,,,,,,,,,
160,748542,2023-10-28T00:05:00Z,Globe Life Field,-5,Artificial Turf,Retractable,Roof Closed,73,"0 mph, None",42472,242,5,6,11,2023-10-28T01:40:34.369Z,2023-10-28T01:40:40.412Z,1,0,1,5,True,4,3,Corbin Carroll,Left,Nathan Eovaldi,Right,Swinging Strike,S,FC,Cutter,3,1,0,6,90.1,82.9,3.12,1.49,6,0.92,0.41719343285613064,6.729923666776667,0.8293574046427954,-0.8293574046427954,1.3689759286905379,3.2410240713094622,0.2482121482444081,2.6433509222527753,4.8,4.8,24.0,-23.8,9.8,-2.2,2397,197,True,False,False,0.0,0.0,,,,,,,,,,,,,,,
161,748542,2023-10-28T00:05:00Z,Globe Life Field,-5,Artificial Turf,Retractable,Roof Closed,73,"0 mph, None",42472,242,5,6,11,2023-10-28T01:41:29.293Z,2023-10-28T01:41:37.360Z,1,0,1,5,True,4,3,Corbin Carroll,Left,Nathan Eovaldi,Right,Swinging Strike,S,FF,Four-Seam Fastball,3,2,0,9,94.2,85.8,3.12,1.49,5,0.91,0.40066266103782056,6.895251802662078,0.8293574046427954,-0.8293574046427954,1.3689759286905379,3.2410240713094622,-0.2784267999390817,2.561665772685331,37.2,4.8,24.0,-18.2,12.7,14.0,2188,227,False,True,False,0.0,0.0,0.0,0.0,Strikeout,strikeout,Corbin Carroll strikes out swinging.,Ks,0.0,,,,,,,,
162,748542,2023-10-28T00:05:00Z,Globe Life Field,-5,Artificial Turf,Retractable,Roof Closed,73,"0 mph, None",42472,242,5,6,11,2023-10-28T01:41:57.636Z,2023-10-28T01:42:00.636Z,1,0,1,5,True,4,3,Ketel Marte,Left,Nathan Eovaldi,Right,Ball,B,FS,Splitter,0,0,1,0,88.5,81.4,3.66119943919646,1.76425512934065,14,0.9,0.42578382241795554,6.685145369269174,0.8293574046427954,-0.8293574046427954,1.643231058031188,3.782223510505922,0.7087224688154786,1.3133858915663936,21.6,7.2,24.0,-31.9,3.1,12.7,1578,236,False,True,False,0.0,0.0,,,,,,,,,,,,,,,
163,748542,2023-10-28T00:05:00Z,Globe Life Field,-5,Artificial Turf,Retractable,Roof Closed,73,"0 mph, None",42472,242,5,6,11,2023-10-28T01:42:40.914Z,2023-10-28T01:42:44.791Z,1,0,1,5,True,4,3,Ketel Marte,Left,Nathan Eovaldi,Right,Foul,F,FS,Splitter,1,0,1,2,88.1,80.7,3.58,1.71,5,0.91,0.4277001513259564,6.480483605489325,0.8293574046427954,-0.8293574046427954,1.5889759286905378,3.701024071309462,-0.2747314928979074,2.602605627238928,22.8,8.4,24.0,-33.0,2.3,14.2,1617,239,False,True,False,0.0,0.0,,,,,,,,,,,,,,,
164,748542,2023-10-28T00:05:00Z,Globe Life Field,-5,Artificial Turf,Retractable,Roof Closed,73,"0 mph, None",42472,242,5,6,11,2023-10-28T01:43:09.184Z,2023-10-28T01:43:12.977Z,1,0,1,5,True,4,3,Ketel Marte,Left,Nathan Eovaldi,Right,Ball,B,FC,Cutter,1,1,1,3,89.9,82.7,3.68794932857356,1.76425512934065,14,0.9,0.4187195066029781,6.795000067024183,0.8293574046427954,-0.8293574046427954,1.643231058031188,3.808973399883022,1.3684692615140481,2.1541958264355117,7.2,6.0,24.0,-26.4,7.4,-3.6,2284,188,False,True,False,0.0,0.0,,,,,,,,,,,,,,,
165,748542,2023-10-28T00:05:00Z,Globe Life Field,-5,Artificial Turf,Retractable,Roof Closed,73,"0 mph, None",42472,242,5,6,11,2023-10-28T01:43:30.059Z,2023-10-28T01:43:42.267Z,1,0,1,5,True,4,3,Ketel Marte,Left,Nathan Eovaldi,Right,"In play, run(s)",E,CU,Curveball,2,1,1,4,76.5,70.4,3.58,1.71,8,0.88,0.49291857565697983,6.905279147332636,0.8293574046427954,-0.8293574046427954,1.5889759286905378,3.701024071309462,-0.08229789031684602,2.0538587685973657,4.8,12.0,24.0,-54.2,-7.3,-4.6,1877,39,False,True,False,0.0,0.0,0.7241534988713318,1.966591422121896,Double,double,Ketel Marte doubles (6) on a fly ball to center fielder Leody Taveras. Geraldo Perdomo scores.,2B,1.0,104.8,21.0,402.0,fly_ball,medium,8,154.4,50.4
166,748542,2023-10-28T00:05:00Z,Globe Life Field,-5,Artificial Turf,Retractable,Roof Closed,73,"0 mph, None",42472,242,5,6,11,2023-10-28T01:44:20.975Z,2023-10-28T01:44:24.763Z,1,1,0,5,True,5,3,Gabriel Moreno,Right,Nathan Eovaldi,Right,Ball,B,CU,Curveball,0,0,1,0,77.1,70.9,3.20674125934959,1.49770847902759,14,0.89,0.48976248040905723,6.74746288804912,0.8293574046427954,-0.8293574046427954,1.376684407718128,3.327765330659052,1.1527375421270398,2.320913852623986,12.0,13.2,24.0,-55.1,-8.8,-11.9,2081,47,False,True,False,0.0,0.0,,,,,,,,,,,,,,,
167,748542,2023-10-28T00:05:00Z,Globe Life Field,-5,Artificial Turf,Retractable,Roof Closed,73,"0 mph, None",42472,242,5,6,11,2023-10-28T01:44:38.300Z,2023-10-28T01:44:41.665Z,1,1,0,5,True,5,3,Gabriel Moreno,Right,Nathan Eovaldi,Right,Ball,B,FC,Cutter,1,0,1,1,90.4,83.3,3.31362528804839,1.49770847902759,12,0.92,0.41509320490588175,6.74055750111494,0.8293574046427954,-0.8293574046427954,1.376684407718128,3.434649359357852,0.6286963378292045,3.5290064176017926,6.0,4.8,24.0,-21.8,11.5,-2.3,2434,188,False,True,False,0.0,0.0,,,,,,,,,,,,,,,
168,748542,2023-10-28T00:05:00Z,Globe Life Field,-5,Artificial Turf,Retractable,Roof Closed,73,"0 mph, None",42472,242,5,6,11,2023-10-28T01:44:57.217Z,2023-10-28T01:45:01.785Z,1,1,0,5,True,5,3,Gabriel Moreno,Right,Nathan Eovaldi,Right,Foul,F,FC,Cutter,2,0,1,2,89.3,82.5,3.34,1.54,5,0.9,0.41999852772620283,6.825832918664948,0.8293574046427954,-0.8293574046427954,1.418975928690538,3.461024071309462,0.2019541821672199,2.3545066924096023,0.0,6.0,24.0,-27.0,7.1,-0.1,2321,187,False,True,False,0.0,0.0,,,,,,,,,,,,,,,
169,748542,2023-10-28T00:05:00Z,Globe Life Field,-5,Artificial Turf,Retractable,Roof Closed,73,"0 mph, None",42472,242,5,6,11,2023-10-28T01:45:21.437Z,2023-10-28T01:45:30.395Z,1,1,0,5,True,5,3,Gabriel Moreno,Right,Nathan Eovaldi,Right,"In play, out(s)",X,FS,Splitter,2,1,1,3,87.9,81.0,3.34,1.54,9,0.92,0.42818959631150744,6.956405254930579,0.8293574046427954,-0.8293574046427954,1.418975928690538,3.461024071309462,0.6148364084395497,1.7043587956859898,22.8,8.4,24.0,-33.4,2.0,14.0,1514,240,False,True,False,0.0,0.0,0.2028639618138424,0.247016706443914,Groundout,field_out,"Gabriel Moreno grounds out, shortstop Corey Seager to first baseman Nathaniel Lowe. Ketel Marte to 3rd.",6-3,0.0,80.7,0.0,40.0,ground_ball,medium,6,112.32,147.73
170,748542,2023-10-28T00:05:00Z,Globe Life Field,-5,Artificial Turf,Retractable,Roof Closed,73,"0 mph, None",42472,242,5,6,11,2023-10-28T01:45:55.828Z,2023-10-28T01:45:59.732Z,1,1,0,5,True,5,3,Christian Walker,Right,Nathan Eovaldi,Right,Ball,B,FF,Four-Seam Fastball,0,0,2,0,93.6,84.8,3.42927484610743,1.57766084650001,12,0.92,0.4039271278126453,6.771889859833568,0.8293574046427954,-0.8293574046427954,1.4566367751905478,3.550298917416892,0.8045094447727551,4.328728672247355,34.8,3.6,24.0,-15.0,16.6,10.3,1928,226,False,False,True,0.0,0.0,,,,,,,,,,,,,,,
171,748542,2023-10-28T00:05:00Z,Globe Life Field,-5,Artificial Turf,Retractable,Roof Closed,73,"0 mph, None",42472,242,5,6,11,2023-10-28T01:46:14.954Z,2023-10-28T01:46:17.954Z,1,1,0,5,True,5,3,Christian Walker,Right,Nathan Eovaldi,Right,Ball,B,CU,Curveball,1,0,2,1,77.3,71.0,3.38044213797404,1.53768345315055,14,0.88,0.49004579765598644,6.825721424045775,0.8293574046427954,-0.8293574046427954,1.416659381841088,3.5014662092835023,1.6570828811802036,1.1785101816204437,6.0,13.2,24.0,-55.7,-9.4,-6.8,1946,37,False,False,True,0.0,0.0,,,,,,,,,,,,,,,
172,748542,2023-10-28T00:05:00Z,Globe Life Field,-5,Artificial Turf,Retractable,Roof Closed,73,"0 mph, None",42472,242,5,6,11,2023-10-28T01:46:36.342Z,2023-10-28T01:46:39.342Z,1,1,0,5,True,5,3,Christian Walker,Right,Nathan Eovaldi,Right,Ball,B,FC,Cutter,2,0,2,2,89.6,82.8,3.42927484610743,1.5643347775759,14,0.89,0.4201492122078072,6.971827483125931,0.8293574046427954,-0.8293574046427954,1.4433107062664379,3.550298917416892,2.0971921917896355,1.437007838388787,9.6,6.0,24.0,-26.2,7.9,-4.8,2275,188,False,False,True,0.0,0.0,,,,,,,,,,,,,,,
173,748542,2023-10-28T00:05:00Z,Globe Life Field,-5,Artificial Turf,Retractable,Roof Closed,73,"0 mph, None",42472,242,5,6,11,2023-10-28T01:46:58.188Z,2023-10-28T01:47:01.865Z,1,1,0,5,True,5,3,Christian Walker,Right,Nathan Eovaldi,Right,Foul,F,FF,Four-Seam Fastball,3,0,2,3,95.5,86.6,3.43,1.6,3,0.92,0.39612337596528224,6.790973839413747,0.8293574046427954,-0.8293574046427954,1.478975928690538,3.5510240713094623,0.4303414229450044,3.1563660226188937,34.8,4.8,24.0,-16.7,13.6,11.3,2111,225,False,False,True,0.0,0.0,,,,,,,,,,,,,,,
174,748542,2023-10-28T00:05:00Z,Globe Life Field,-5,Artificial Turf,Retractable,Roof Closed,73,"0 mph, None",42472,242,5,6,11,2023-10-28T01:47:20.569Z,2023-10-28T01:47:25.232Z,1,1,0,5,True,5,3,Christian Walker,Right,Nathan Eovaldi,Right,Ball,B,FS,Splitter,3,1,2,4,88.8,81.9,3.38044213797404,1.53768345315055,14,0.86,0.42385201034261266,6.961814961994406,0.8293574046427954,-0.8293574046427954,1.416659381841088,3.5014662092835023,0.2728833637555175,1.0648902769926176,25.2,7.2,24.0,-29.5,5.2,14.0,1693,233,False,False,True,0.0,0.0,,,Walk,walk,Christian Walker walks.,BB,0.0,,,,,,,,
175,748542,2023-10-28T00:05:00Z,Globe Life Field,-5,Artificial Turf,Retractable,Roof Closed,73,"0 mph, None",42472,242,5,6,11,2023-10-28T01:50:14.333Z,2023-10-28T01:50:18.419Z,1,1,0,5,True,5,3,Tommy Pham,Right,Dane Dunning,Right,Called Strike,C,SL,Slider,0,0,2,2,81.8,74.8,3.4606373203345,1.59098718844952,6,0.91,0.46154371064649924,6.63548385466485,0.8293574046427954,-0.8293574046427954,1.4699631171400578,3.581661391643962,0.24200603092338235,2.556144892938799,6.0,8.4,24.0,-39.7,1.4,-4.1,2400,53,True,False,True,0.0,0.0,,,,,,,,,,,,,,,
176,748542,2023-10-28T00:05:00Z,Globe Life Field,-5,Artificial Turf,Retractable,Roof Closed,73,"0 mph, None",42472,242,5,6,11,2023-10-28T01:50:31.242Z,2023-10-28T01:50:36.841Z,1,1,0,5,True,5,3,Tommy Pham,Right,Dane Dunning,Right,Ball,B,SL,Slider,0,1,2,3,84.1,76.8,3.48927549517565,1.61764069708554,14,0.91,0.45083926522169193,6.4909492040392305,0.8293574046427954,-0.8293574046427954,1.4966166257760778,3.610299566485112,1.716281545848865,0.794620410541971,7.2,8.4,24.0,-39.1,0.1,-4.9,2430,42,True,False,True,0.0,0.0,,,,,,,,,,,,,,,
177,748542,2023-10-28T00:05:00Z,Globe Life Field,-5,Artificial Turf,Retractable,Roof Closed,73,"0 mph, None",42472,242,5,6,11,2023-10-28T01:50:51.312Z,2023-10-28T01:50:59.174Z,1,1,0,5,True,5,3,Tommy Pham,Right,Dane Dunning,Right,"In play, out(s)",X,SI,Sinker,1,1,2,5,93.7,85.4,3.49,1.63,9,0.91,0.40320989216481706,6.640829927021903,0.8293574046427954,-0.8293574046427954,1.5089759286905378,3.6110240713094623,0.32817257840695496,2.226547072061859,28.8,7.2,24.0,-27.0,4.4,15.1,2147,231,False,True,True,0.0,0.0,0.25,0.25,Groundout,field_out,"Tommy Pham grounds out, first baseman Nathaniel Lowe to pitcher Dane Dunning.",3-1,0.0,96.0,-52.0,2.0,ground_ball,medium,3,145.78,159.9
178,748542,2023-10-28T00:05:00Z,Globe Life Field,-5,Artificial Turf,Retractable,Roof Closed,73,"0 mph, None",42472,242,5,6,11,2023-10-28T01:54:19.554Z,2023-10-28T01:54:22.985Z,0,0,0,5,False,5,3,Corey Seager,Left,Zac Gallen,Right,Called Strike,C,CH,Changeup,0,0,0,0,86.9,79.0,3.46927586955982,1.5643347775759,8,0.9,0.4358645700426411,6.72087629938808,0.8293574046427954,-0.8293574046427954,1.4433107062664379,3.590299940869282,-0.18970467730298984,1.9902320860001923,31.2,8.4,24.0,-30.0,6.6,17.6,1797,234,False,False,False,0.0,0.0,,,,,,,,,,,,,,,
179,748542,2023-10-28T00:05:00Z,Globe Life Field,-5,Artificial Turf,Retractable,Roof Closed,73,"0 mph, None",42472,242,5,6,11,2023-10-28T01:54:32.785Z,2023-10-28T01:54:37.881Z,0,0,0,5,False,5,3,Corey Seager,Left,Zac Gallen,Right,Ball,B,FF,Four-Seam Fastball,0,1,0,1,93.8,84.7,3.46927586955982,1.5643347775759,13,0.89,0.4045467050091469,6.561857552205105,0.8293574046427954,-0.8293574046427954,1.4433107062664379,3.590299940869282,-1.0589946898616622,1.3495600432929562,31.2,3.6,24.0,-13.0,18.6,7.7,2412,210,False,False,False,0.0,0.0,,,,,,,,,,,,,,,
180,748542,2023-10-28T00:05:00Z,Globe Life Field,-5,Artificial Turf,Retractable,Roof Closed,73,"0 mph, None",42472,242,5,6,11,2023-10-28T01:54:48.262Z,2023-10-28T01:54:53.177Z,0,0,0,5,False,5,3,Corey Seager,Left,Zac Gallen,Right,Foul,F,FF,Four-Seam Fastball,1,1,0,2,93.6,84.4,3.47,1.52,3,0.92,0.40525222319893883,6.490429766019074,0.8293574046427954,-0.8293574046427954,1.3989759286905379,3.5910240713094623,0.3880945343649522,3.4702102874112026,21.6,3.6,24.0,-12.5,19.2,4.9,2246,203,False,False,False,0.0,0.0,,,,,,,,,,,,,,,
181,748542,2023-10-28T00:05:00Z,Globe Life Field,-5,Artificial Turf,Retractable,Roof Closed,73,"0 mph, None",42472,242,5,6,11,2023-10-28T01:55:12.499Z,2023-10-28T01:55:20.223Z,0,0,0,5,False,5,3,Corey Seager,Left,Zac Gallen,Right,"In play, out(s)",X,KC,Knuckle Curve,1,2,0,3,83.2,76.3,3.47,1.52,7,0.9,0.4537196684409408,6.7634334733069705,0.8293574046427954,-0.8293574046427954,1.3989759286905379,3.5910240713094623,-0.4821353070989313,2.0462345328545877,3.6,10.8,24.0,-49.0,-9.2,-2.9,2519,41,False,False,False,0.0,0.0,0.0891530460624071,0.0950965824665676,Groundout,field_out,Corey Seager grounds out to first baseman Christian Walker.,3U,0.0,84.4,-15.0,9.0,ground_ball,medium,3,160.48,162.94
182,748542,2023-10-28T00:05:00Z,Globe Life Field,-5,Artificial Turf,Retractable,Roof Closed,73,"0 mph, None",42472,242,5,6,11,2023-10-28T01:55:51.141Z,2023-10-28T01:55:55.029Z,0,0,0,5,False,5,3,Evan Carter,Left,Zac Gallen,Right,Swinging Strike,S,KC,Knuckle Curve,0,0,1,0,82.0,75.7,3.6,1.72,7,0.89,0.45916889079862555,6.636578347173288,0.8293574046427954,-0.8293574046427954,1.5989759286905378,3.7210240713094622,-0.3795247139686074,1.7721833319089662,1.2,10.8,24.0,-50.0,-9.4,-1.8,2470,37,False,False,False,0.0,0.0,,,,,,,,,,,,,,,
183,748542,2023-10-28T00:05:00Z,Globe Life Field,-5,Artificial Turf,Retractable,Roof Closed,73,"0 mph, None",42472,242,5,6,11,2023-10-28T01:56:05.069Z,2023-10-28T01:56:08.116Z,0,0,0,5,False,5,3,Evan Carter,Left,Zac Gallen,Right,Foul,F,FF,Four-Seam Fastball,0,1,1,1,94.3,86.0,3.6,1.72,1,0.9,0.399451154613943,6.473841550958341,0.8293574046427954,-0.8293574046427954,1.5989759286905378,3.7210240713094622,-0.4572953804066395,3.684742020980765,27.6,3.6,24.0,-12.4,18.4,6.5,2382,208,False,False,False,0.0,0.0,,,,,,,,,,,,,,,
184,748542,2023-10-28T00:05:00Z,Globe Life Field,-5,Artificial Turf,Retractable,Roof Closed,73,"0 mph, None",42472,242,5,6,11,2023-10-28T01:56:33.839Z,2023-10-28T01:56:36.931Z,0,0,0,5,False,5,3,Evan Carter,Left,Zac Gallen,Right,Foul,F,KC,Knuckle Curve,0,2,1,3,83.3,76.8,3.6,1.72,14,0.9,0.45297426710806965,7.057395419615649,0.8293574046427954,-0.8293574046427954,1.5989759286905378,3.7210240713094622,0.8224677585459436,1.3391749685683478,4.8,10.8,24.0,-48.4,-8.8,-3.8,2435,37,False,False,False,0.0,0.0,,,,,,,,,,,,,,,
185,748542,2023-10-28T00:05:00Z,Globe Life Field,-5,Artificial Turf,Retractable,Roof Closed,73,"0 mph, None",42472,242,5,6,11,2023-10-28T01:56:53.791Z,2023-10-28T01:56:58.423Z,0,0,0,5,False,5,3,Evan Carter,Left,Zac Gallen,Right,Ball,B,FF,Four-Seam Fastball,0,2,1,4,94.0,85.3,3.75483283936937,1.77758544433799,12,0.92,0.4018637402168821,6.579783318654634,0.8293574046427954,-0.8293574046427954,1.6565613730285278,3.875856910678832,0.11513588735241141,4.472145291155748,13.2,2.4,24.0,-12.8,18.4,3.0,2328,211,False,False,False,0.0,0.0,,,,,,,,,,,,,,,
186,748542,2023-10-28T00:05:00Z,Globe Life Field,-5,Artificial Turf,Retractable,Roof Closed,73,"0 mph, None",42472,242,5,6,11,2023-10-28T01:57:09.240Z,2023-10-28T01:57:13.665Z,0,0,0,5,False,5,3,Evan Carter,Left,Zac Gallen,Right,Ball,B,CH,Changeup,1,2,1,5,87.9,80.8,3.78158980374358,1.77758544433799,13,0.91,0.429065081138559,6.545532263668341,0.8293574046427954,-0.8293574046427954,1.6565613730285278,3.902613875053042,-0.44239787252057317,1.1567957199386505,20.4,8.4,24.0,-34.8,0.7,12.5,1454,229,False,False,False,0.0,0.0,,,,,,,,,,,,,,,
187,748542,2023-10-28T00:05:00Z,Globe Life Field,-5,Artificial Turf,Retractable,Roof Closed,73,"0 mph, None",42472,242,5,6,11,2023-10-28T01:57:26.332Z,2023-10-28T01:57:30.886Z,0,0,0,5,False,5,3,Evan Carter,Left,Zac Gallen,Right,Swinging Strike,S,KC,Knuckle Curve,2,2,1,6,82.2,75.6,3.6,1.72,14,0.9,0.459404502633582,6.9179370602285,0.8293574046427954,-0.8293574046427954,1.5989759286905378,3.7210240713094622,0.5422435025047457,1.4916873450736732,4.8,10.8,24.0,-50.6,-9.8,-4.2,2407,35,False,False,False,0.0,0.0,0.0,0.0,Strikeout,strikeout,Evan Carter strikes out swinging.,Ks,0.0,,,,,,,,
188,748542,2023-10-28T00:05:00Z,Globe Life Field,-5,Artificial Turf,Retractable,Roof Closed,73,"0 mph, None",42472,242,5,6,11,2023-10-28T01:57:55.027Z,2023-10-28T01:57:58.112Z,0,0,0,5,False,5,3,Adolis García,Right,Zac Gallen,Right,Swinging Strike,S,FF,Four-Seam Fastball,0,0,2,0,93.5,84.8,3.41,1.66,12,0.89,0.4044570655120534,6.562848795737847,0.8293574046427954,-0.8293574046427954,1.5389759286905378,3.5310240713094623,0.8675338417117837,3.778729210328192,3.6,3.6,24.0,-13.6,18.0,0.7,2332,204,False,False,False,0.0,0.0,,,,,,,,,,,,,,,
189,748542,2023-10-28T00:05:00Z,Globe Life Field,-5,Artificial Turf,Retractable,Roof Closed,73,"0 mph, None",42472,242,5,6,11,2023-10-28T01:58:10.760Z,2023-10-28T01:58:14.096Z,0,0,0,5,False,5,3,Adolis García,Right,Zac Gallen,Right,Ball,B,KC,Knuckle Curve,0,1,2,1,82.0,75.6,3.27354050869812,1.61764069708554,14,0.9,0.461772108166171,6.619574697428124,0.8293574046427954,-0.8293574046427954,1.4966166257760778,3.3945645800075823,1.023094100624893,-0.23128774630254856,3.6,10.8,24.0,-50.4,-9.2,-4.0,2546,35,False,False,False,0.0,0.0,,,,,,,,,,,,,,,
190,748542,2023-10-28T00:05:00Z,Globe Life Field,-5,Artificial Turf,Retractable,Roof Closed,73,"0 mph, None",42472,242,5,6,11,2023-10-28T01:58:33.578Z,2023-10-28T01:58:41.591Z,0,0,0,5,False,5,3,Adolis García,Right,Zac Gallen,Right,"In play, out(s)",X,SL,Slider,1,1,2,2,88.9,82.2,3.41,1.66,9,2.0,0.4224304549606277,6.673883180543621,0.8293574046427954,-0.8293574046427954,1.5389759286905378,3.5310240713094623,0.37293634503157047,1.7943760747846806,9.6,6.0,24.0,-27.0,7.4,-4.7,2352,174,False,False,False,0.0,0.0,0.5333333333333333,0.58,Groundout,field_out,"Adolis Garcia grounds out sharply, shortstop Geraldo Perdomo to first baseman Christian Walker.",6-3,0.0,108.5,0.0,51.0,ground_ball,hard,6,119.35,184.18
191,748542,2023-10-28T00:05:00Z,Globe Life Field,-5,Artificial Turf,Retractable,Roof Closed,73,"0 mph, None",42472,242,5,6,11,2023-10-28T02:01:42.696Z,2023-10-28T02:01:46.062Z,0,0,0,6,True,5,3,Lourdes Gurriel Jr.,Right,Dane Dunning,Right,Foul,F,SI,Sinker,0,0,0,0,91.6,83.3,3.61,1.72,6,0.9,0.4127471473607436,6.637306019106727,0.8293574046427954,-0.8293574046427954,1.5989759286905378,3.731024071309462,0.4789523727595071,2.8373166899452453,30.0,7.2,24.0,-26.0,6.8,15.1,2034,222,False,False,False,0.0,0.0,,,,,,,,,,,,,,,
192,748542,2023-10-28T00:05:00Z,Globe Life Field,-5,Artificial Turf,Retractable,Roof Closed,73,"0 mph, None",42472,242,5,6,11,2023-10-28T02:01:58.714Z,2023-10-28T02:02:06.473Z,0,0,0,6,True,5,3,Lourdes Gurriel Jr.,Right,Dane Dunning,Right,"In play, out(s)",X,SL,Slider,0,1,0,1,82.4,76.4,3.61,1.72,13,0.9,0.4550589407535681,6.472631690836245,0.8293574046427954,-0.8293574046427954,1.5989759286905378,3.731024071309462,-0.40370213829274365,1.4771324063794535,3.6,9.6,24.0,-41.2,-1.2,-2.5,2528,66,False,False,False,0.0,0.0,0.0515695067264574,0.0515695067264574,Groundout,field_out,"Lourdes Gurriel Jr. grounds out, shortstop Corey Seager to first baseman Nathaniel Lowe.",6-3,0.0,81.2,-25.0,6.0,ground_ball,medium,6,117.9,146.72
193,748542,2023-10-28T00:05:00Z,Globe Life Field,-5,Artificial Turf,Retractable,Roof Closed,73,"0 mph, None",42472,242,5,6,11,2023-10-28T02:02:42.421Z,2023-10-28T02:02:45.421Z,0,0,0,6,True,5,3,Alek Thomas,Left,Dane Dunning,Right,Ball,B,CU,Curveball,0,0,1,0,77.3,70.4,3.1666668552172,1.42928351912548,11,0.91,0.48938450974819947,6.334283524583508,0.8293574046427954,-0.8293574046427954,1.3082594478160179,3.287690926526662,-1.8006173843675408,3.1701085863894884,13.2,13.2,24.0,-57.4,-11.2,-13.4,2180,41,False,False,False,0.0,0.0,,,,,,,,,,,,,,,
194,748542,2023-10-28T00:05:00Z,Globe Life Field,-5,Artificial Turf,Retractable,Roof Closed,73,"0 mph, None",42472,242,5,6,11,2023-10-28T02:02:54.820Z,2023-10-28T02:02:58.460Z,0,0,0,6,True,5,3,Alek Thomas,Left,Dane Dunning,Right,Called Strike,C,SI,Sinker,1,0,1,1,93.5,85.3,3.30026325461576,1.53768345315055,9,0.91,0.40429743316386757,6.743843059082412,0.8293574046427954,-0.8293574046427954,1.416659381841088,3.4212873259252223,0.784991532137007,1.6226533592705588,28.8,7.2,24.0,-28.6,3.0,15.4,2166,229,False,False,False,0.0,0.0,,,,,,,,,,,,,,,
195,748542,2023-10-28T00:05:00Z,Globe Life Field,-5,Artificial Turf,Retractable,Roof Closed,73,"0 mph, None",42472,242,5,6,11,2023-10-28T02:03:08.207Z,2023-10-28T02:03:12.171Z,0,0,0,6,True,5,3,Alek Thomas,Left,Dane Dunning,Right,Foul,F,SI,Sinker,1,1,1,2,93.4,85.2,3.21,1.43,14,0.91,0.40453162628960593,6.801003290072243,0.8293574046427954,-0.8293574046427954,1.3089759286905378,3.331024071309462,0.04254564488877542,1.290985452524351,28.8,7.2,24.0,-28.8,2.8,15.8,2109,227,False,False,False,0.0,0.0,,,,,,,,,,,,,,,
196,748542,2023-10-28T00:05:00Z,Globe Life Field,-5,Artificial Turf,Retractable,Roof Closed,73,"0 mph, None",42472,242,5,6,11,2023-10-28T02:03:27.725Z,2023-10-28T02:03:35.703Z,0,0,0,6,True,5,3,Alek Thomas,Left,Dane Dunning,Right,"In play, no out",D,CH,Changeup,1,2,1,3,85.7,78.5,3.21,1.43,13,0.91,0.4400305115820773,6.614906544821866,0.8293574046427954,-0.8293574046427954,1.3089759286905378,3.331024071309462,-0.9860275156349968,1.1402192573450805,25.2,8.4,24.0,-35.6,1.7,16.3,1896,260,False,False,False,0.0,0.0,0.1849642004773269,0.2040572792362768,Single,single,Alek Thomas singles on a ground ball to second baseman Marcus Semien.,1B,0.0,82.3,-2.0,21.0,ground_ball,medium,4,141.22,145.7
197,748542,2023-10-28T00:05:00Z,Globe Life Field,-5,Artificial Turf,Retractable,Roof Closed,73,"0 mph, None",42472,242,5,6,11,2023-10-28T02:04:05.021Z,2023-10-28T02:04:09.085Z,0,0,0,6,True,5,3,Evan Longoria,Right,Dane Dunning,Right,Called Strike,C,SI,Sinker,0,0,1,0,91.1,82.5,3.72735698060251,1.69688551795724,14,0.89,0.4158930750717533,6.858051614681228,0.8293574046427954,-0.8293574046427954,1.5758614466477778,3.8483810519119723,0.9765049126318773,2.5154206627594693,27.6,6.0,24.0,-25.0,8.4,13.1,2064,234,True,False,False,0.0902400311506171,0.0061031074606658,,,,,,,,,,,,,,,
198,748542,2023-10-28T00:05:00Z,Globe Life Field,-5,Artificial Turf,Retractable,Roof Closed,73,"0 mph, None",42472,242,5,6,11,2023-10-28T02:04:21.058Z,2023-10-28T02:04:24.604Z,0,0,0,6,True,5,3,Evan Longoria,Right,Dane Dunning,Right,Ball,B,SL,Slider,0,1,1,1,81.6,75.2,3.67457413495196,1.72927746092433,14,0.9,0.46135604223161675,6.610310443589397,0.8293574046427954,-0.8293574046427954,1.6082533896148679,3.795598206261422,0.33050591541881635,1.3052829228430054,1.2,8.4,24.0,-40.1,1.0,-1.1,2340,47,True,False,False,0.0,0.0,,,,,,,,,,,,,,,
199,748542,2023-10-28T00:05:00Z,Globe Life Field,-5,Artificial Turf,Retractable,Roof Closed,73,"0 mph, None",42472,242,5,6,11,2023-10-28T02:04:41.688Z,2023-10-28T02:04:45.175Z,0,0,0,6,True,5,3,Evan Longoria,Right,Dane Dunning,Right,Foul,F,SI,Sinker,1,1,1,2,92.1,83.6,3.66,1.73,14,0.89,0.41122829756174406,6.707016909312836,0.8293574046427954,-0.8293574046427954,1.6089759286905378,3.7810240713094623,0.3767452437562696,1.4013400463962595,31.2,6.0,24.0,-23.8,8.9,13.9,2145,231,True,False,False,0.0,0.0,,,,,,,,,,,,,,,
200,748542,2023-10-28T00:05:00Z,Globe Life Field,-5,Artificial Turf,Retractable,Roof Closed,73,"0 mph, None",42472,242,5,6,11,2023-10-28T02:05:10.162Z,2023-10-28T02:05:13.169Z,0,0,0,6,True,5,3,Evan Longoria,Right,Dane Dunning,Right,Ball,B,SL,Slider,1,2,1,3,83.4,76.7,3.62107831794423,1.69760792375964,14,0.9,0.45239040699182675,6.421751578077934,0.8293574046427954,-0.8293574046427954,1.5765838524501778,3.742102389253692,0.8380865838166282,1.1486772167138937,2.4,9.6,24.0,-41.3,-1.8,-1.9,2336,46,True,False,False,0.0,0.0,,,,,,,,,,,,,,,
201,748542,2023-10-28T00:05:00Z,Globe Life Field,-5,Artificial Turf,Retractable,Roof Closed,73,"0 mph, None",42472,242,5,6,11,2023-10-28T02:05:53.231Z,2023-10-28T02:06:05.051Z,0,0,0,6,True,5,3,Evan Longoria,Right,Dane Dunning,Right,"In play, out(s)",X,SI,Sinker,2,2,1,5,92.7,84.4,3.66,1.73,14,0.9,0.4080911162540515,6.6807027826140795,0.8293574046427954,-0.8293574046427954,1.6089759286905378,3.7810240713094623,0.23229737558280214,1.5404446002518433,28.8,7.2,24.0,-28.1,4.1,15.1,1989,230,True,False,False,0.0,0.0,0.0083217753120665,0.0124826629680998,Flyout,field_out,Evan Longoria flies out to right fielder Adolis Garcia.,F9,0.0,85.2,48.0,248.0,fly_ball,medium,9,180.25,122.38
202,748542,2023-10-28T00:05:00Z,Globe Life Field,-5,Artificial Turf,Retractable,Roof Closed,73,"0 mph, None",42472,242,5,6,11,2023-10-28T02:09:03.015Z,2023-10-28T02:09:08.015Z,0,0,0,6,True,5,3,Geraldo Perdomo,Right,Cody Bradford,Left,Foul,F,FF,Four-Seam Fastball,0,0,2,2,90.2,82.0,3.41,1.57,2,2.0,0.4184212388788411,7.008754460560055,0.8293574046427954,-0.8293574046427954,1.448975928690538,3.5310240713094623,0.1820591117240346,3.023509270488154,24.0,3.6,24.0,-14.2,19.7,-6.4,1932,150,True,False,False,0.0,0.0,,,,,,,,,,,,,,,
203,748542,2023-10-28T00:05:00Z,Globe Life Field,-5,Artificial Turf,Retractable,Roof Closed,73,"0 mph, None",42472,242,5,6,11,2023-10-28T02:09:55.970Z,2023-10-28T02:09:59.065Z,0,0,0,6,True,5,3,Geraldo Perdomo,Right,Cody Bradford,Left,Ball,B,FF,Four-Seam Fastball,0,1,2,4,90.2,82.1,3.40717203327027,1.59098718844952,12,2.0,0.417842864984161,6.803560766314262,0.8293574046427954,-0.8293574046427954,1.4699631171400578,3.5281961045797323,0.8371896020061375,4.273882726813481,22.8,3.6,24.0,-16.7,17.0,-7.0,1948,155,True,False,False,0.0,0.0,,,,,,,,,,,,,,,
204,748542,2023-10-28T00:05:00Z,Globe Life Field,-5,Artificial Turf,Retractable,Roof Closed,73,"0 mph, None",42472,242,5,6,11,2023-10-28T02:10:14.312Z,2023-10-28T02:10:17.312Z,0,0,0,6,True,5,3,Geraldo Perdomo,Right,Cody Bradford,Left,Ball,B,CH,Changeup,1,1,2,5,81.7,73.9,3.35371405361047,1.51103320393047,12,2.0,0.46296370525078867,7.197825570028821,0.8293574046427954,-0.8293574046427954,1.3900091326210078,3.474738124919932,1.4644340631626878,3.87586952700923,15.6,6.0,24.0,-27.6,13.8,-8.0,1393,117,True,False,False,0.0,0.0,,,,,,,,,,,,,,,
205,748542,2023-10-28T00:05:00Z,Globe Life Field,-5,Artificial Turf,Retractable,Roof Closed,73,"0 mph, None",42472,242,5,6,11,2023-10-28T02:10:37.171Z,2023-10-28T02:10:45.183Z,0,0,0,6,True,5,3,Geraldo Perdomo,Right,Cody Bradford,Left,Ball,B,FF,Four-Seam Fastball,2,1,2,6,89.6,81.5,3.40717203327027,1.59098718844952,12,2.0,0.4205788966010422,6.888676770513373,0.8293574046427954,-0.8293574046427954,1.4699631171400578,3.5281961045797323,0.05674944160376249,4.420489529573044,18.0,3.6,24.0,-16.0,18.1,-5.3,1999,152,True,False,False,0.0,0.0,,,,,,,,,,,,,,,
206,748542,2023-10-28T00:05:00Z,Globe Life Field,-5,Artificial Turf,Retractable,Roof Closed,73,"0 mph, None",42472,242,5,6,11,2023-10-28T02:11:12.515Z,2023-10-28T02:11:18.579Z,0,0,0,6,True,5,3,Geraldo Perdomo,Right,Cody Bradford,Left,Called Strike,C,FF,Four-Seam Fastball,3,1,2,8,90.0,82.5,3.43390375539117,1.59098718844952,4,2.0,0.4181320461141729,7.170371164653491,0.8293574046427954,-0.8293574046427954,1.4699631171400578,3.554927826700632,-0.8030603570664804,2.234562632676685,21.6,3.6,24.0,-13.3,20.4,-5.2,2010,150,False,True,False,0.0,0.0,,,,,,,,,,,,,,,
207,748542,2023-10-28T00:05:00Z,Globe Life Field,-5,Artificial Turf,Retractable,Roof Closed,73,"0 mph, None",42472,242,5,6,11,2023-10-28T02:11:56.512Z,2023-10-28T02:12:02.256Z,0,0,0,6,True,5,3,Geraldo Perdomo,Right,Cody Bradford,Left,"In play, out(s)",X,FF,Four-Seam Fastball,3,2,2,10,90.7,83.0,3.41,1.57,14,2.0,0.41568023449957847,7.285582842328839,0.8293574046427954,-0.8293574046427954,1.448975928690538,3.5310240713094623,0.6037260804756925,1.3993864353451289,31.2,3.6,24.0,-13.3,20.0,-8.3,2171,152,False,True,False,0.0,0.0,0.5950752393980848,0.6436388508891929,Lineout,field_out,Geraldo Perdomo lines out to second baseman Marcus Semien.,L4,0.0,90.7,9.0,187.0,line_drive,medium,4,153.38,154.32
208,748542,2023-10-28T00:05:00Z,Globe Life Field,-5,Artificial Turf,Retractable,Roof Closed,73,"0 mph, None",42472,242,5,6,11,2023-10-28T02:16:09.680Z,2023-10-28T02:16:13.158Z,0,0,0,6,False,5,3,Mitch Garver,Right,Ryan Thompson,Right,Called Strike,C,SI,Sinker,0,0,0,2,90.0,81.5,3.27257885633549,1.48346305033393,14,0.89,0.4219529381889493,6.5641616064494555,0.8293574046427954,-0.8293574046427954,1.3624389790244678,3.393602927644952,1.0127774060973782,2.111810556746882,18.0,10.8,24.0,-44.8,-10.3,14.9,2023,278,False,False,False,-0.0683751871070632,-0.0100268680114118,,,,,,,,,,,,,,,
209,748542,2023-10-28T00:05:00Z,Globe Life Field,-5,Artificial Turf,Retractable,Roof Closed,73,"0 mph, None",42472,242,5,6,11,2023-10-28T02:16:24.594Z,2023-10-28T02:16:27.962Z,0,0,0,6,False,5,3,Mitch Garver,Right,Ryan Thompson,Right,Ball,B,SI,Sinker,0,1,0,3,91.0,82.5,3.38927467936175,1.53768345315055,13,0.9,0.4162032002198637,6.4759607552411484,0.8293574046427954,-0.8293574046427954,1.416659381841088,3.510298750671212,-1.019874149816002,1.3738225198693195,21.6,9.6,24.0,-41.6,-8.2,16.0,2013,273,False,False,False,0.0,0.0,,,,,,,,,,,,,,,
210,748542,2023-10-28T00:05:00Z,Globe Life Field,-5,Artificial Turf,Retractable,Roof Closed,73,"0 mph, None",42472,242,5,6,11,2023-10-28T02:16:40.481Z,2023-10-28T02:16:48.510Z,0,0,0,6,False,5,3,Mitch Garver,Right,Ryan Thompson,Right,"In play, out(s)",X,SI,Sinker,1,1,0,4,90.3,81.6,3.39,1.58,6,0.89,0.42061046692462156,6.5281900498414265,0.8293574046427954,-0.8293574046427954,1.458975928690538,3.5110240713094623,0.613450157460173,2.7412434472875353,16.8,10.8,24.0,-45.2,-11.0,13.6,2117,279,False,False,False,0.0,0.0,0.1582229150428682,0.1753702260327357,Groundout,field_out,"Mitch Garver grounds out, shortstop Geraldo Perdomo to first baseman Christian Walker.",6-3,0.0,94.6,-15.0,11.0,ground_ball,medium,6,111.81,147.73
211,748542,2023-10-28T00:05:00Z,Globe Life Field,-5,Artificial Turf,Retractable,Roof Closed,73,"0 mph, None",42472,242,5,6,11,2023-10-28T02:17:25.606Z,2023-10-28T02:17:30.335Z,0,0,0,6,False,5,3,Jonah Heim,Left,Ryan Thompson,Right,Ball,B,SI,Sinker,0,0,1,0,90.9,82.1,3.70132502218769,1.72426593798625,14,0.89,0.41822643848938945,6.466132290198342,0.8293574046427954,-0.8293574046427954,1.6032418666767878,3.8223490934971522,0.9989103156815516,2.6911693312001437,20.4,10.8,24.0,-43.7,-9.8,16.1,2057,283,False,False,False,0.0,0.0,,,,,,,,,,,,,,,
212,748542,2023-10-28T00:05:00Z,Globe Life Field,-5,Artificial Turf,Retractable,Roof Closed,73,"0 mph, None",42472,242,5,6,11,2023-10-28T02:17:40.451Z,2023-10-28T02:17:45.024Z,0,0,0,6,False,5,3,Jonah Heim,Left,Ryan Thompson,Right,Ball,B,SI,Sinker,1,0,1,1,91.0,82.6,3.67457413495196,1.75092510759944,13,0.9,0.41564651680885945,6.367422047990029,0.8293574046427954,-0.8293574046427954,1.629901036289978,3.795598206261422,-1.0678696029007502,1.9042040485264347,24.0,9.6,24.0,-38.0,-4.7,17.2,2092,278,False,False,False,0.0,0.0,,,,,,,,,,,,,,,
213,748542,2023-10-28T00:05:00Z,Globe Life Field,-5,Artificial Turf,Retractable,Roof Closed,73,"0 mph, None",42472,242,5,6,11,2023-10-28T02:17:58.415Z,2023-10-28T02:18:02.365Z,0,0,0,6,False,5,3,Jonah Heim,Left,Ryan Thompson,Right,Ball,B,SI,Sinker,2,0,1,2,90.1,81.0,3.62107831794423,1.69927808363409,14,0.9,0.4228450182400758,6.568164557586604,0.8293574046427954,-0.8293574046427954,1.5782540123246278,3.742102389253692,1.1598345769673404,2.625055798835103,22.8,9.6,24.0,-40.8,-6.2,17.2,2086,280,False,False,False,0.0,0.0,,,,,,,,,,,,,,,
214,748542,2023-10-28T00:05:00Z,Globe Life Field,-5,Artificial Turf,Retractable,Roof Closed,73,"0 mph, None",42472,242,5,6,11,2023-10-28T02:18:13.845Z,2023-10-28T02:18:19.122Z,0,0,0,6,False,5,3,Jonah Heim,Left,Ryan Thompson,Right,Ball,B,SI,Sinker,3,0,1,3,90.6,81.3,3.40717203327027,1.61764069708554,11,0.9,0.41966809392287097,6.386861222546901,0.8293574046427954,-0.8293574046427954,1.4966166257760778,3.5281961045797323,-0.9685595539857059,2.826356083653562,25.2,9.6,24.0,-38.3,-4.2,17.6,2138,280,False,False,False,0.0,0.0,,,Walk,walk,Jonah Heim walks.,BB,0.0,,,,,,,,
215,748542,2023-10-28T00:05:00Z,Globe Life Field,-5,Artificial Turf,Retractable,Roof Closed,73,"0 mph, None",42472,242,5,6,11,2023-10-28T02:18:43.800Z,2023-10-28T02:18:47.333Z,0,0,0,6,False,5,3,Nathaniel Lowe,Left,Ryan Thompson,Right,Ball,B,SI,Sinker,0,0,1,0,90.6,81.8,3.30026325461576,1.5643347775759,14,0.9,0.4200315316202712,6.651755849829957,0.8293574046427954,-0.8293574046427954,1.4433107062664379,3.4212873259252223,1.169700306351918,1.5538090228150256,22.8,10.8,24.0,-41.5,-7.4,17.6,2074,282,True,False,False,0.0,0.0,,,,,,,,,,,,,,,
216,748542,2023-10-28T00:05:00Z,Globe Life Field,-5,Artificial Turf,Retractable,Roof Closed,73,"0 mph, None",42472,242,5,6,11,2023-10-28T02:19:02.342Z,2023-10-28T02:19:06.894Z,0,0,0,6,False,5,3,Nathaniel Lowe,Left,Ryan Thompson,Right,Called Strike,C,SI,Sinker,1,0,1,1,90.2,81.1,3.32698776439022,1.61764069708554,5,0.9,0.42140421116623106,6.641727069188758,0.8293574046427954,-0.8293574046427954,1.4966166257760778,3.448011835699682,-0.2116965486708204,2.6047692636967583,21.6,9.6,24.0,-40.7,-6.4,16.6,2134,280,True,False,False,0.0,0.0,,,,,,,,,,,,,,,
217,748542,2023-10-28T00:05:00Z,Globe Life Field,-5,Artificial Turf,Retractable,Roof Closed,73,"0 mph, None",42472,242,5,6,11,2023-10-28T02:19:19.157Z,2023-10-28T02:19:31.678Z,0,0,0,6,False,5,3,Nathaniel Lowe,Left,Ryan Thompson,Right,"In play, out(s)",X,SI,Sinker,1,1,1,2,90.0,80.8,3.46,1.64,9,0.9,0.4234145965491085,6.658399088214134,0.8293574046427954,-0.8293574046427954,1.5189759286905378,3.581024071309462,0.6733354704691207,2.011657183239862,22.8,10.8,24.0,-42.2,-7.7,17.5,2111,282,True,False,False,0.0,0.0,0.468,1.828,Flyout,field_out,Nathaniel Lowe flies out sharply to right fielder Corbin Carroll.,F9,0.0,105.4,38.0,371.0,fly_ball,hard,9,183.57,60.71
218,748542,2023-10-28T00:05:00Z,Globe Life Field,-5,Artificial Turf,Retractable,Roof Closed,73,"0 mph, None",42472,242,5,6,11,2023-10-28T02:20:13.925Z,2023-10-28T02:20:24.090Z,0,0,0,6,False,5,3,Josh Jung,Right,Ryan Thompson,Right,"In play, no out",D,SI,Sinker,0,0,2,0,90.9,81.8,3.64,1.74,4,0.9,0.418130005488929,6.601035872113037,0.8293574046427954,-0.8293574046427954,1.6189759286905379,3.7610240713094623,-0.5068550115755723,2.596651750643839,21.6,9.6,24.0,-40.2,-6.5,16.3,2165,278,True,False,False,0.0,0.0,0.5990314769975786,0.67409200968523,Single,single,Josh Jung singles on a sharp ground ball to center fielder Alek Thomas. Jonah Heim to 2nd.,1B,0.0,105.8,3.0,91.0,ground_ball,hard,8,122.97,86.39
219,748542,2023-10-28T00:05:00Z,Globe Life Field,-5,Artificial Turf,Retractable,Roof Closed,73,"0 mph, None",42472,242,5,6,11,2023-10-28T02:22:10.696Z,2023-10-28T02:22:14.970Z,0,0,0,6,False,5,3,Leody Taveras,Left,Ryan Thompson,Right,Ball,B,SL,Slider,0,0,2,2,79.7,72.3,3.67457413495196,1.75092510759944,14,0.87,0.47583939760829397,6.609858257966098,0.8293574046427954,-0.8293574046427954,1.629901036289978,3.795598206261422,1.0897443989072706,2.1312485688492626,19.2,9.6,24.0,-38.6,5.0,-13.7,2241,85,True,True,False,0.0,0.0,,,,,,,,,,,,,,,
220,748542,2023-10-28T00:05:00Z,Globe Life Field,-5,Artificial Turf,Retractable,Roof Closed,73,"0 mph, None",42472,242,5,6,11,2023-10-28T02:22:28.101Z,2023-10-28T02:22:31.435Z,0,0,0,6,False,5,3,Leody Taveras,Left,Ryan Thompson,Right,Foul,F,SI,Sinker,1,0,2,3,90.4,81.1,3.63,1.77,7,0.9,0.4210659454388188,6.599942116722029,0.8293574046427954,-0.8293574046427954,1.6489759286905379,3.751024071309462,-0.44447370321381907,2.3052530310215666,26.4,10.8,24.0,-40.2,-6.0,20.3,2121,284,True,True,False,0.0,0.0,,,,,,,,,,,,,,,
221,748542,2023-10-28T00:05:00Z,Globe Life Field,-5,Artificial Turf,Retractable,Roof Closed,73,"0 mph, None",42472,242,5,6,11,2023-10-28T02:23:07.137Z,2023-10-28T02:23:11.241Z,0,0,0,6,False,5,3,Leody Taveras,Left,Ryan Thompson,Right,Called Strike,C,SL,Slider,1,1,2,4,78.2,71.4,3.64782523918594,1.76927674425667,8,0.89,0.48271102251525777,6.6346129694139835,0.8293574046427954,-0.8293574046427954,1.6482526729472078,3.768849310495402,-0.09257726541842008,1.748494457128138,18.0,8.4,24.0,-34.2,10.8,-11.5,1865,86,True,True,False,0.0,0.0,,,,,,,,,,,,,,,
222,748542,2023-10-28T00:05:00Z,Globe Life Field,-5,Artificial Turf,Retractable,Roof Closed,73,"0 mph, None",42472,242,5,6,11,2023-10-28T02:23:26.943Z,2023-10-28T02:23:31.420Z,0,0,0,6,False,5,3,Leody Taveras,Left,Ryan Thompson,Right,Foul,F,FF,Four-Seam Fastball,1,2,2,5,93.0,84.6,3.63,1.77,6,0.93,0.4063903524719099,6.7832626893152375,0.8293574046427954,-0.8293574046427954,1.6489759286905379,3.751024071309462,0.6341274241012401,2.874915963504068,30.0,7.2,24.0,-25.7,6.1,15.0,2183,275,True,True,False,0.0,0.0,,,,,,,,,,,,,,,
223,748542,2023-10-28T00:05:00Z,Globe Life Field,-5,Artificial Turf,Retractable,Roof Closed,73,"0 mph, None",42472,242,5,6,11,2023-10-28T02:23:53.162Z,2023-10-28T02:23:56.184Z,0,0,0,6,False,5,3,Leody Taveras,Left,Ryan Thompson,Right,Foul,F,FF,Four-Seam Fastball,1,2,2,6,92.2,83.9,3.63,1.77,4,0.92,0.409311620352502,6.586682377836477,0.8293574046427954,-0.8293574046427954,1.6489759286905379,3.751024071309462,-0.5357665153614202,2.8560161998333946,19.2,7.2,24.0,-28.2,4.2,9.5,2080,281,True,True,False,0.0,0.0,,,,,,,,,,,,,,,
224,748542,2023-10-28T00:05:00Z,Globe Life Field,-5,Artificial Turf,Retractable,Roof Closed,73,"0 mph, None",42472,242,5,6,11,2023-10-28T02:24:18.489Z,2023-10-28T02:24:27.408Z,0,0,0,6,False,5,3,Leody Taveras,Left,Ryan Thompson,Right,"In play, out(s)",X,FF,Four-Seam Fastball,1,2,2,7,91.9,83.6,3.63,1.77,12,0.91,0.4114948060134789,6.6895337966145725,0.8293574046427954,-0.8293574046427954,1.6489759286905379,3.751024071309462,0.8314419478784443,2.956514905226629,18.0,6.0,24.0,-26.0,6.6,8.6,2070,269,True,True,False,0.0,0.0,0.0,0.0,Pop Out,field_out,Leody Taveras pops out to catcher Gabriel Moreno in foul territory.,P2,0.0,67.6,81.0,62.0,popup,medium,2,102.69,198.93
225,748542,2023-10-28T00:05:00Z,Globe Life Field,-5,Artificial Turf,Retractable,Roof Closed,73,"0 mph, None",42472,242,5,6,11,2023-10-28T02:27:26.425Z,2023-10-28T02:27:30.381Z,0,0,0,7,True,5,3,Corbin Carroll,Left,Cody Bradford,Left,Called Strike,C,FF,Four-Seam Fastball,0,0,0,0,89.9,81.4,3.11854377451403,1.43037237703917,2,2.0,0.4205978902137608,7.092416955386129,0.8293574046427954,-0.8293574046427954,1.309348305729708,3.239567845823492,-0.17310157961574837,3.2295662149652116,27.6,4.8,24.0,-16.7,17.5,-8.9,2100,151,False,False,False,0.0,0.0,,,,,,,,,,,,,,,
226,748542,2023-10-28T00:05:00Z,Globe Life Field,-5,Artificial Turf,Retractable,Roof Closed,73,"0 mph, None",42472,242,5,6,11,2023-10-28T02:27:44.326Z,2023-10-28T02:27:47.608Z,0,0,0,7,True,5,3,Corbin Carroll,Left,Cody Bradford,Left,Ball,B,FF,Four-Seam Fastball,0,1,0,1,90.8,82.2,3.11927173535723,1.43108879606755,11,2.0,0.4164150686459247,6.989199667648031,0.8293574046427954,-0.8293574046427954,1.3100647247580879,3.2402958066666923,-0.9807865559815888,3.3291238621457593,30.0,3.6,24.0,-15.0,18.5,-8.6,2122,148,False,False,False,0.0,0.0,,,,,,,,,,,,,,,
227,748542,2023-10-28T00:05:00Z,Globe Life Field,-5,Artificial Turf,Retractable,Roof Closed,73,"0 mph, None",42472,242,5,6,11,2023-10-28T02:28:01.376Z,2023-10-28T02:28:08.559Z,0,0,0,7,True,5,3,Corbin Carroll,Left,Cody Bradford,Left,"In play, out(s)",X,CH,Changeup,1,1,0,2,81.6,74.3,3.12,1.49,5,2.0,0.4631196134682143,7.159639752399896,0.8293574046427954,-0.8293574046427954,1.3689759286905379,3.2410240713094622,-0.2711926902953884,2.2819409925179115,24.0,7.2,24.0,-29.8,11.6,-13.2,1628,127,False,False,False,0.0,0.0,0.4545454545454545,0.4545454545454545,Bunt Groundout,field_out,"Corbin Carroll bunt grounds out softly, pitcher Cody Bradford to first baseman Nathaniel Lowe.",1-3,0.0,26.1,36.0,46.0,bunt_grounder,soft,1,136.1,184.49
228,748542,2023-10-28T00:05:00Z,Globe Life Field,-5,Artificial Turf,Retractable,Roof Closed,73,"0 mph, None",42472,242,5,6,11,2023-10-28T02:28:44.736Z,2023-10-28T02:28:48.338Z,0,0,0,7,True,5,3,Ketel Marte,Right,Cody Bradford,Left,Called Strike,C,FF,Four-Seam Fastball,0,0,1,0,90.2,82.0,3.51411004317498,1.67095105325168,8,2.0,0.41886436489100465,7.043762374381874,0.8293574046427954,-0.8293574046427954,1.549926981942218,3.6351341144844422,0.08225573566456063,2.0964968913348225,30.0,3.6,24.0,-16.1,17.8,-9.5,2105,149,False,False,False,0.0,0.0,,,,,,,,,,,,,,,
229,748542,2023-10-28T00:05:00Z,Globe Life Field,-5,Artificial Turf,Retractable,Roof Closed,73,"0 mph, None",42472,242,5,6,11,2023-10-28T02:29:00.222Z,2023-10-28T02:29:07.986Z,0,0,0,7,True,5,3,Ketel Marte,Right,Cody Bradford,Left,"In play, out(s)",X,CH,Changeup,0,1,1,1,83.0,75.6,3.58,1.71,6,2.0,0.45480558300088614,7.159246468626267,0.8293574046427954,-0.8293574046427954,1.5889759286905378,3.701024071309462,0.34591337996917804,2.465813581540566,27.6,7.2,24.0,-27.4,12.6,-13.9,1840,132,False,False,False,0.0,0.0,0.0948678071539657,0.1088646967340591,Groundout,field_out,"Ketel Marte grounds out, second baseman Marcus Semien to first baseman Nathaniel Lowe.",4-3,0.0,78.8,-7.0,20.0,ground_ball,medium,4,121.23,172.72
230,748542,2023-10-28T00:05:00Z,Globe Life Field,-5,Artificial Turf,Retractable,Roof Closed,73,"0 mph, None",42472,242,5,6,11,2023-10-28T02:32:11.237Z,2023-10-28T02:32:14.237Z,0,0,0,7,True,5,3,Gabriel Moreno,Right,Jon Gray,Right,Swinging Strike,S,SL,Slider,0,0,2,2,87.3,80.2,3.34,1.54,14,0.9,0.43208694280137694,6.331806648504688,0.8293574046427954,-0.8293574046427954,1.418975928690538,3.461024071309462,1.0598474858072378,1.2016866935719472,2.4,7.2,24.0,-33.6,2.4,-1.9,2370,125,False,False,False,0.0,0.0,,,,,,,,,,,,,,,
231,748542,2023-10-28T00:05:00Z,Globe Life Field,-5,Artificial Turf,Retractable,Roof Closed,73,"0 mph, None",42472,242,5,6,11,2023-10-28T02:32:28.901Z,2023-10-28T02:32:32.568Z,0,0,0,7,True,5,3,Gabriel Moreno,Right,Jon Gray,Right,Called Strike,C,SL,Slider,0,1,2,3,88.1,80.8,3.272813910668,1.45701781313642,14,0.9,0.4281514173204073,6.305489877350134,0.8293574046427954,-0.8293574046427954,1.3359937418269578,3.393837981977462,0.5133342433013549,1.356054635618717,4.8,7.2,24.0,-33.2,2.2,-2.9,2442,133,False,False,False,0.0,0.0,,,,,,,,,,,,,,,
232,748542,2023-10-28T00:05:00Z,Globe Life Field,-5,Artificial Turf,Retractable,Roof Closed,73,"0 mph, None",42472,242,5,6,11,2023-10-28T02:32:49.786Z,2023-10-28T02:32:56.899Z,0,0,0,7,True,5,3,Gabriel Moreno,Right,Jon Gray,Right,"In play, out(s)",X,FF,Four-Seam Fastball,0,2,2,4,96.8,87.9,3.34,1.54,14,0.92,0.39058132199946316,6.314487514574745,0.8293574046427954,-0.8293574046427954,1.418975928690538,3.461024071309462,0.8926570362309585,2.407792006451013,27.6,3.6,24.0,-16.6,13.0,8.5,2158,217,False,False,False,0.0,0.0,0.4235514018691589,0.8542056074766355,Lineout,field_out,Gabriel Moreno lines out sharply to right fielder Adolis Garcia.,L9,0.0,101.1,19.0,323.0,line_drive,hard,9,206.61,96.12
233,748542,2023-10-28T00:05:00Z,Globe Life Field,-5,Artificial Turf,Retractable,Roof Closed,73,"0 mph, None",42472,242,5,6,11,2023-10-28T02:37:25.953Z,2023-10-28T02:37:29.521Z,0,0,0,7,False,5,3,Marcus Semien,Right,Joe Mantiply,Left,Called Strike,C,CH,Changeup,0,0,0,1,80.6,73.8,3.32626188603959,1.56361496287099,14,0.91,0.4686153064928038,6.220121016540294,0.8293574046427954,-0.8293574046427954,1.442590891561528,3.447285957349052,1.1565785271369626,1.7501639922157386,15.6,10.8,24.0,-47.9,-5.5,-13.6,1698,77,False,False,False,-0.0683751871070632,-0.0112342545481648,,,,,,,,,,,,,,,
234,748542,2023-10-28T00:05:00Z,Globe Life Field,-5,Artificial Turf,Retractable,Roof Closed,73,"0 mph, None",42472,242,5,6,11,2023-10-28T02:37:40.260Z,2023-10-28T02:37:43.545Z,0,0,0,7,False,5,3,Marcus Semien,Right,Joe Mantiply,Left,Foul,F,FF,Four-Seam Fastball,0,1,0,2,89.9,81.6,3.25,1.55,8,0.9,0.42096404479529426,6.2846908536409325,0.8293574046427954,-0.8293574046427954,1.428975928690538,3.371024071309462,-0.07958517669835422,2.102290276341373,33.6,6.0,24.0,-22.9,11.3,-14.8,2356,108,False,False,False,0.0,0.0,,,,,,,,,,,,,,,
235,748542,2023-10-28T00:05:00Z,Globe Life Field,-5,Artificial Turf,Retractable,Roof Closed,73,"0 mph, None",42472,242,5,6,11,2023-10-28T02:37:58.451Z,2023-10-28T02:38:01.964Z,0,0,0,7,False,5,3,Marcus Semien,Right,Joe Mantiply,Left,Ball,B,CH,Changeup,0,2,0,3,81.6,74.7,3.38044213797404,1.61764069708554,13,0.9,0.46424022010736454,6.321887963069212,0.8293574046427954,-0.8293574046427954,1.4966166257760778,3.5014662092835023,-0.020791377439384563,0.640162685996746,18.0,12.0,24.0,-49.8,-8.2,-15.4,1689,79,False,False,False,0.0,0.0,,,,,,,,,,,,,,,
236,748542,2023-10-28T00:05:00Z,Globe Life Field,-5,Artificial Turf,Retractable,Roof Closed,73,"0 mph, None",42472,242,5,6,11,2023-10-28T02:38:18.866Z,2023-10-28T02:38:26.615Z,0,0,0,7,False,5,3,Marcus Semien,Right,Joe Mantiply,Left,"In play, out(s)",X,FF,Four-Seam Fastball,1,2,0,4,90.3,81.6,3.25,1.55,1,0.76,0.4198987398269587,6.189541126787937,0.8293574046427954,-0.8293574046427954,1.428975928690538,3.371024071309462,-0.4525434475739618,3.2152847001022398,31.2,7.2,24.0,-25.6,8.5,-15.6,2225,103,False,False,False,0.0,0.0,0.1199338296112489,0.205955334987593,Lineout,field_out,Marcus Semien lines out to left fielder Lourdes Gurriel Jr.,L7,0.0,87.6,24.0,308.0,line_drive,medium,7,85.74,82.2
237,748542,2023-10-28T00:05:00Z,Globe Life Field,-5,Artificial Turf,Retractable,Roof Closed,73,"0 mph, None",42472,242,5,6,11,2023-10-28T02:38:51.584Z,2023-10-28T02:38:54.864Z,0,0,0,7,False,5,3,Corey Seager,Left,Joe Mantiply,Left,Foul,F,SI,Sinker,0,0,1,0,90.2,82.0,3.47,1.52,6,0.91,0.4193002118947189,6.28470294760357,0.8293574046427954,-0.8293574046427954,1.3989759286905379,3.5910240713094623,0.42218096216471684,2.3523714448933624,33.6,7.2,24.0,-28.8,5.2,-19.0,2194,107,False,False,False,0.0,0.0,,,,,,,,,,,,,,,
238,748542,2023-10-28T00:05:00Z,Globe Life Field,-5,Artificial Turf,Retractable,Roof Closed,73,"0 mph, None",42472,242,5,6,11,2023-10-28T02:39:26.850Z,2023-10-28T02:39:31.033Z,0,0,0,7,False,5,3,Corey Seager,Left,Joe Mantiply,Left,Foul Tip,T,SI,Sinker,0,1,1,1,90.1,82.2,3.47,1.52,14,0.9,0.4197881316976666,6.21577120504536,0.8293574046427954,-0.8293574046427954,1.3989759286905379,3.5910240713094623,0.1706928999334865,1.1769481248288183,31.2,8.4,24.0,-33.2,0.8,-19.7,2288,106,False,False,False,0.0,0.0,,,,,,,,,,,,,,,
239,748542,2023-10-28T00:05:00Z,Globe Life Field,-5,Artificial Turf,Retractable,Roof Closed,73,"0 mph, None",42472,242,5,6,11,2023-10-28T02:39:44.304Z,2023-10-28T02:39:47.304Z,0,0,0,7,False,5,3,Corey Seager,Left,Joe Mantiply,Left,Ball,B,CU,Curveball,0,2,1,2,81.9,75.2,3.46927586955982,1.5643347775759,13,0.91,0.463146969351814,6.4160789741140825,0.8293574046427954,-0.8293574046427954,1.4433107062664379,3.590299940869282,-2.7047827436111103,0.6572672355512692,14.4,9.6,24.0,-39.4,2.0,10.9,2405,337,False,False,False,0.0,0.0,,,,,,,,,,,,,,,
240,748542,2023-10-28T00:05:00Z,Globe Life Field,-5,Artificial Turf,Retractable,Roof Closed,73,"0 mph, None",42472,242,5,6,11,2023-10-28T02:40:03.642Z,2023-10-28T02:40:06.709Z,0,0,0,7,False,5,3,Corey Seager,Left,Joe Mantiply,Left,Foul,F,CU,Curveball,1,2,1,3,81.0,74.9,3.47,1.52,9,0.91,0.4639014365770011,6.371094083263292,0.8293574046427954,-0.8293574046427954,1.3989759286905379,3.5910240713094623,0.39559542801230374,2.1429084479213873,9.6,10.8,24.0,-46.2,-4.7,7.7,2332,328,False,False,False,0.0,0.0,,,,,,,,,,,,,,,
241,748542,2023-10-28T00:05:00Z,Globe Life Field,-5,Artificial Turf,Retractable,Roof Closed,73,"0 mph, None",42472,242,5,6,11,2023-10-28T02:40:25.257Z,2023-10-28T02:40:30.912Z,0,0,0,7,False,5,3,Corey Seager,Left,Joe Mantiply,Left,Swinging Strike,S,SI,Sinker,1,2,1,4,91.0,82.4,3.47,1.52,14,0.9,0.41709112443858176,6.429994302750262,0.8293574046427954,-0.8293574046427954,1.3989759286905379,3.5910240713094623,0.6116445665092858,1.2002309052716948,28.8,9.6,24.0,-36.4,-2.8,-19.4,2122,107,False,False,False,0.0,0.0,0.0,0.0,Strikeout,strikeout,Corey Seager strikes out swinging.,Ks,0.0,,,,,,,,
242,748542,2023-10-28T00:05:00Z,Globe Life Field,-5,Artificial Turf,Retractable,Roof Closed,73,"0 mph, None",42472,242,5,6,11,2023-10-28T02:40:52.856Z,2023-10-28T02:40:56.417Z,0,0,0,7,False,5,3,Evan Carter,Left,Joe Mantiply,Left,Ball,B,CU,Curveball,0,0,2,0,80.0,74.0,3.64782523918594,1.77758544433799,13,0.9,0.470945226059154,6.443106410491044,0.8293574046427954,-0.8293574046427954,1.6565613730285278,3.768849310495402,-0.3351222371487251,1.0554502773753942,12.0,10.8,24.0,-47.4,-4.6,10.2,2460,329,False,False,False,0.0,0.0,,,,,,,,,,,,,,,
243,748542,2023-10-28T00:05:00Z,Globe Life Field,-5,Artificial Turf,Retractable,Roof Closed,73,"0 mph, None",42472,242,5,6,11,2023-10-28T02:41:07.283Z,2023-10-28T02:41:11.036Z,0,0,0,7,False,5,3,Evan Carter,Left,Joe Mantiply,Left,Foul,F,SI,Sinker,1,0,2,1,90.6,82.0,3.6,1.72,9,0.9,0.41825780553698433,6.364290123303932,0.8293574046427954,-0.8293574046427954,1.5989759286905378,3.7210240713094622,0.5235977324996685,2.2835579584552628,34.8,8.4,24.0,-30.4,3.4,-20.9,2269,113,False,False,False,0.0,0.0,,,,,,,,,,,,,,,
244,748542,2023-10-28T00:05:00Z,Globe Life Field,-5,Artificial Turf,Retractable,Roof Closed,73,"0 mph, None",42472,242,5,6,11,2023-10-28T02:42:25.363Z,2023-10-28T02:42:28.983Z,0,0,0,7,False,5,3,Evan Carter,Left,Joe Mantiply,Left,Swinging Strike,S,CU,Curveball,1,1,2,3,80.3,73.7,3.6,1.72,7,0.91,0.470190577552982,6.436515381584709,0.8293574046427954,-0.8293574046427954,1.5989759286905378,3.7210240713094622,-0.3674707773968072,1.7194287141547036,7.2,10.8,24.0,-47.0,-4.3,5.8,2271,338,False,False,False,0.0,0.0,,,,,,,,,,,,,,,
245,748542,2023-10-28T00:05:00Z,Globe Life Field,-5,Artificial Turf,Retractable,Roof Closed,73,"0 mph, None",42472,242,5,6,11,2023-10-28T02:42:41.890Z,2023-10-28T02:42:45.116Z,0,0,0,7,False,5,3,Evan Carter,Left,Joe Mantiply,Left,Ball,B,CU,Curveball,1,2,2,4,81.6,75.2,3.63980128276033,1.71927804879973,13,0.9,0.46268133911281506,6.419935995199163,0.8293574046427954,-0.8293574046427954,1.5982539774902678,3.7608253540697922,-1.2643679182708218,0.8777373399683094,4.8,10.8,24.0,-46.6,-5.2,4.2,2387,339,False,False,False,0.0,0.0,,,,,,,,,,,,,,,
246,748542,2023-10-28T00:05:00Z,Globe Life Field,-5,Artificial Turf,Retractable,Roof Closed,73,"0 mph, None",42472,242,5,6,11,2023-10-28T02:42:59.595Z,2023-10-28T02:43:05.341Z,0,0,0,7,False,5,3,Evan Carter,Left,Joe Mantiply,Left,Foul,F,SI,Sinker,2,2,2,5,90.8,82.5,3.6,1.72,7,0.9,0.417426153495454,6.319933178270222,0.8293574046427954,-0.8293574046427954,1.5989759286905378,3.7210240713094622,-0.47579435860139124,2.034637940537567,30.0,8.4,24.0,-34.1,-0.5,-19.1,2097,107,False,False,False,0.0,0.0,,,,,,,,,,,,,,,
247,748542,2023-10-28T00:05:00Z,Globe Life Field,-5,Artificial Turf,Retractable,Roof Closed,73,"0 mph, None",42472,242,5,6,11,2023-10-28T02:43:50.218Z,2023-10-28T02:43:57.732Z,0,0,0,7,False,5,3,Evan Carter,Left,Joe Mantiply,Left,"In play, out(s)",X,CU,Curveball,2,2,2,6,81.5,74.1,3.6,1.72,13,0.9,0.4653054695444494,6.3936927331922115,0.8293574046427954,-0.8293574046427954,1.5989759286905378,3.7210240713094622,-0.4660590669641878,1.4687718370276055,13.2,9.6,24.0,-42.1,-0.2,10.4,2432,323,False,False,False,0.0,0.0,0.1029411764705882,0.1029411764705882,Pop Out,field_out,Evan Carter pops out to shortstop Geraldo Perdomo.,PNone,0.0,56.6,45.0,158.0,popup,medium,6,112.46,140.11
248,748542,2023-10-28T00:05:00Z,Globe Life Field,-5,Artificial Turf,Retractable,Roof Closed,73,"0 mph, None",42472,242,5,6,11,2023-10-28T02:47:01.861Z,2023-10-28T02:47:05.296Z,0,0,0,8,True,5,3,Christian Walker,Right,Jon Gray,Right,Foul,F,SL,Slider,0,0,0,0,89.4,82.0,3.43,1.6,9,0.9,0.4214886838622234,6.394084382321801,0.8293574046427954,-0.8293574046427954,1.478975928690538,3.5510240713094623,0.2882352851389486,2.0733969392992115,7.2,7.2,24.0,-33.6,0.6,-4.4,2494,138,False,False,False,0.0,0.0,,,,,,,,,,,,,,,
249,748542,2023-10-28T00:05:00Z,Globe Life Field,-5,Artificial Turf,Retractable,Roof Closed,73,"0 mph, None",42472,242,5,6,11,2023-10-28T02:47:23.209Z,2023-10-28T02:47:27.355Z,0,0,0,8,True,5,3,Christian Walker,Right,Jon Gray,Right,Foul,F,FF,Four-Seam Fastball,0,1,0,1,96.3,87.3,3.43,1.6,9,0.91,0.3930717458313002,6.341129683341326,0.8293574046427954,-0.8293574046427954,1.478975928690538,3.5510240713094623,0.504142152980776,2.226942765948537,27.6,4.8,24.0,-17.9,11.9,9.2,2120,221,False,False,False,0.0,0.0,,,,,,,,,,,,,,,
250,748542,2023-10-28T00:05:00Z,Globe Life Field,-5,Artificial Turf,Retractable,Roof Closed,73,"0 mph, None",42472,242,5,6,11,2023-10-28T02:47:50.713Z,2023-10-28T02:47:57.233Z,0,0,0,8,True,5,3,Christian Walker,Right,Jon Gray,Right,Swinging Strike,S,SL,Slider,0,2,0,2,88.9,81.6,3.43,1.6,3,0.9,0.4233724788827349,6.268501123668836,0.8293574046427954,-0.8293574046427954,1.478975928690538,3.5510240713094623,0.5097912437306762,2.9716160799910782,9.6,7.2,24.0,-30.2,4.4,-4.9,2341,131,False,False,False,0.0,0.0,0.0,0.0,Strikeout,strikeout,Christian Walker strikes out swinging.,Ks,0.0,,,,,,,,
251,748542,2023-10-28T00:05:00Z,Globe Life Field,-5,Artificial Turf,Retractable,Roof Closed,73,"0 mph, None",42472,242,5,6,11,2023-10-28T02:48:22.080Z,2023-10-28T02:48:25.624Z,0,0,0,8,True,5,3,Tommy Pham,Right,Jon Gray,Right,Called Strike,C,FF,Four-Seam Fastball,0,0,1,0,96.6,87.7,3.48927549517565,1.63629913776977,8,0.92,0.391137775604403,6.352777726395447,0.8293574046427954,-0.8293574046427954,1.5152750664603079,3.610299566485112,-0.17991825774100303,2.2712904766210285,18.0,3.6,24.0,-15.0,14.5,4.8,2220,218,False,False,False,0.0,0.0,,,,,,,,,,,,,,,
252,748542,2023-10-28T00:05:00Z,Globe Life Field,-5,Artificial Turf,Retractable,Roof Closed,73,"0 mph, None",42472,242,5,6,11,2023-10-28T02:48:39.309Z,2023-10-28T02:48:42.517Z,0,0,0,8,True,5,3,Tommy Pham,Right,Jon Gray,Right,Ball,B,SL,Slider,0,1,1,1,89.6,82.4,3.45261738274183,1.62927917911075,13,0.9,0.42051451693621766,6.390245461895188,0.8293574046427954,-0.8293574046427954,1.5082551078012878,3.573641454051292,-0.2140854852701092,0.5308555199120897,7.2,7.2,24.0,-30.2,4.0,-4.1,2411,155,False,False,False,0.0,0.0,,,,,,,,,,,,,,,
253,748542,2023-10-28T00:05:00Z,Globe Life Field,-5,Artificial Turf,Retractable,Roof Closed,73,"0 mph, None",42472,242,5,6,11,2023-10-28T02:48:58.059Z,2023-10-28T02:49:01.895Z,0,0,0,8,True,5,3,Tommy Pham,Right,Jon Gray,Right,Ball,B,SL,Slider,1,1,1,2,90.5,83.2,3.45261738274183,1.60964485391564,13,0.89,0.41636783324105897,6.333308420356562,0.8293574046427954,-0.8293574046427954,1.488620782606178,3.573641454051292,-0.27767642208843474,0.6459609689163329,4.8,7.2,24.0,-29.5,4.0,-2.6,2395,167,False,False,False,0.0,0.0,,,,,,,,,,,,,,,
254,748542,2023-10-28T00:05:00Z,Globe Life Field,-5,Artificial Turf,Retractable,Roof Closed,73,"0 mph, None",42472,242,5,6,11,2023-10-28T02:49:19.105Z,2023-10-28T02:49:22.279Z,0,0,0,8,True,5,3,Tommy Pham,Right,Jon Gray,Right,Foul,F,FF,Four-Seam Fastball,2,1,1,3,96.5,87.9,3.49,1.63,1,0.92,0.3905211822934418,6.509017497394048,0.8293574046427954,-0.8293574046427954,1.5089759286905378,3.6110240713094623,-0.5066086174094528,3.2561725433242543,16.8,3.6,24.0,-17.3,12.1,5.0,2016,218,False,False,False,0.0,0.0,,,,,,,,,,,,,,,
255,748542,2023-10-28T00:05:00Z,Globe Life Field,-5,Artificial Turf,Retractable,Roof Closed,73,"0 mph, None",42472,242,5,6,11,2023-10-28T02:49:49.476Z,2023-10-28T02:49:52.930Z,0,0,0,8,True,5,3,Tommy Pham,Right,Jon Gray,Right,Foul,F,FF,Four-Seam Fastball,2,2,1,4,97.0,88.2,3.49,1.63,9,0.93,0.3895869877867293,6.453941957469279,0.8293574046427954,-0.8293574046427954,1.5089759286905378,3.6110240713094623,0.5269281365988149,1.715486422365681,28.8,3.6,24.0,-15.7,13.7,8.5,2137,218,False,False,False,0.0,0.0,,,,,,,,,,,,,,,
256,748542,2023-10-28T00:05:00Z,Globe Life Field,-5,Artificial Turf,Retractable,Roof Closed,73,"0 mph, None",42472,242,5,6,11,2023-10-28T02:50:13.703Z,2023-10-28T02:50:18.278Z,0,0,0,8,True,5,3,Tommy Pham,Right,Jon Gray,Right,Swinging Strike,S,SL,Slider,2,2,1,5,90.3,82.9,3.49,1.63,14,0.89,0.41778606005300567,6.277383944600406,0.8293574046427954,-0.8293574046427954,1.5089759286905378,3.6110240713094623,1.0277789925926428,1.1867110350500605,6.0,7.2,24.0,-30.1,3.6,-3.1,2209,170,False,False,False,0.0,0.0,0.0,0.0,Strikeout,strikeout,Tommy Pham strikes out swinging.,Ks,0.0,,,,,,,,
257,748542,2023-10-28T00:05:00Z,Globe Life Field,-5,Artificial Turf,Retractable,Roof Closed,73,"0 mph, None",42472,242,5,6,11,2023-10-28T02:50:46.747Z,2023-10-28T02:50:50.843Z,0,0,0,8,True,5,3,Lourdes Gurriel Jr.,Right,Jon Gray,Right,Ball,B,FF,Four-Seam Fastball,0,0,2,0,96.1,87.8,3.55956812747439,1.71927804879973,11,0.92,0.3914623337067966,6.449563317090555,0.8293574046427954,-0.8293574046427954,1.5982539774902678,3.6805921987838524,-1.0345265080619002,3.358766292031541,25.2,4.8,24.0,-17.3,12.2,8.0,2035,216,False,False,False,0.0,0.0,,,,,,,,,,,,,,,
258,748542,2023-10-28T00:05:00Z,Globe Life Field,-5,Artificial Turf,Retractable,Roof Closed,73,"0 mph, None",42472,242,5,6,11,2023-10-28T02:51:06.043Z,2023-10-28T02:51:09.043Z,0,0,0,8,True,5,3,Lourdes Gurriel Jr.,Right,Jon Gray,Right,Swinging Strike,S,SL,Slider,1,0,2,1,88.9,82.1,3.61,1.72,9,0.9,0.4226567778491188,6.384639225047493,0.8293574046427954,-0.8293574046427954,1.5989759286905378,3.731024071309462,0.5606440738599783,1.6946289167170299,6.0,7.2,24.0,-32.2,2.4,-3.5,2315,157,False,False,False,0.0,0.0,,,,,,,,,,,,,,,
259,748542,2023-10-28T00:05:00Z,Globe Life Field,-5,Artificial Turf,Retractable,Roof Closed,73,"0 mph, None",42472,242,5,6,11,2023-10-28T02:51:26.816Z,2023-10-28T02:51:30.551Z,0,0,0,8,True,5,3,Lourdes Gurriel Jr.,Right,Jon Gray,Right,Called Strike,C,FF,Four-Seam Fastball,1,1,2,2,96.5,88.5,3.55956812747439,1.68961106845012,9,0.92,0.3897062140417491,6.363598073176119,0.8293574046427954,-0.8293574046427954,1.5685869971406579,3.6805921987838524,0.3119243133390478,2.1197620214439508,24.0,3.6,24.0,-16.3,13.1,7.2,2103,215,False,False,False,0.0,0.0,,,,,,,,,,,,,,,
260,748542,2023-10-28T00:05:00Z,Globe Life Field,-5,Artificial Turf,Retractable,Roof Closed,73,"0 mph, None",42472,242,5,6,11,2023-10-28T02:51:55.827Z,2023-10-28T02:51:58.827Z,0,0,0,8,True,5,3,Lourdes Gurriel Jr.,Right,Jon Gray,Right,Ball,B,SL,Slider,1,2,2,4,89.6,82.8,3.4793522472526,1.66295453878,14,0.89,0.420359353648613,6.31269478913231,0.8293574046427954,-0.8293574046427954,1.5419304674705379,3.6003763185620623,1.1343427645538615,0.3305393003258792,2.4,7.2,24.0,-30.7,3.4,-1.8,2350,159,False,False,False,0.0,0.0,,,,,,,,,,,,,,,
261,748542,2023-10-28T00:05:00Z,Globe Life Field,-5,Artificial Turf,Retractable,Roof Closed,73,"0 mph, None",42472,242,5,6,11,2023-10-28T02:52:16.184Z,2023-10-28T02:52:26.945Z,0,0,0,8,True,5,3,Lourdes Gurriel Jr.,Right,Jon Gray,Right,"In play, no out",D,FF,Four-Seam Fastball,2,2,2,5,96.6,87.5,3.61,1.72,7,0.92,0.39159430427586717,6.455274572889946,0.8293574046427954,-0.8293574046427954,1.5989759286905378,3.731024071309462,-0.5228600579576962,1.8982903276149157,33.6,3.6,24.0,-14.6,14.9,9.7,2203,215,False,False,False,0.0,0.0,0.9851428571428572,1.096,Single,single,Lourdes Gurriel Jr. singles on a line drive to center fielder Leody Taveras.,1B,0.0,80.3,17.0,208.0,line_drive,medium,8,103.42,86.84
262,748542,2023-10-28T00:05:00Z,Globe Life Field,-5,Artificial Turf,Retractable,Roof Closed,73,"0 mph, None",42472,242,5,6,11,2023-10-28T02:52:55.235Z,2023-10-28T02:52:58.235Z,0,0,0,8,True,5,3,Alek Thomas,Left,Jon Gray,Right,Ball,B,FF,Four-Seam Fastball,0,0,2,0,96.6,87.4,3.15865275771328,1.39644944337713,11,0.93,0.3911536477830335,6.357665081137924,0.8293574046427954,-0.8293574046427954,1.2754253720676678,3.2796768290227423,-0.6272409594778993,3.732544743262279,25.2,3.6,24.0,-14.5,15.0,6.7,2217,217,True,False,False,0.0,0.0,,,,,,,,,,,,,,,
263,748542,2023-10-28T00:05:00Z,Globe Life Field,-5,Artificial Turf,Retractable,Roof Closed,73,"0 mph, None",42472,242,5,6,11,2023-10-28T02:53:16.555Z,2023-10-28T02:53:19.555Z,0,0,0,8,True,5,3,Alek Thomas,Left,Jon Gray,Right,Foul,F,FF,Four-Seam Fastball,1,0,2,1,96.4,86.8,3.21,1.43,6,0.92,0.39361423900340453,6.351042258321449,0.8293574046427954,-0.8293574046427954,1.3089759286905378,3.331024071309462,0.38351864598316443,2.253705090221868,38.4,3.6,24.0,-13.1,16.8,10.2,2285,216,True,False,False,0.0,0.0,,,,,,,,,,,,,,,
264,748542,2023-10-28T00:05:00Z,Globe Life Field,-5,Artificial Turf,Retractable,Roof Closed,73,"0 mph, None",42472,242,5,6,11,2023-10-28T02:53:41.359Z,2023-10-28T02:53:44.859Z,0,0,0,8,True,5,3,Alek Thomas,Left,Jon Gray,Right,Ball In Dirt,*B,CH,Changeup,1,1,2,2,90.4,82.6,3.23880387667375,1.47638979430023,14,0.82,0.4180649324489307,6.615717595241396,0.8293574046427954,-0.8293574046427954,1.3553657229907679,3.359827947983212,0.5494596255613302,0.6318068413796509,28.8,6.0,24.0,-25.6,8.2,13.9,1561,233,True,False,False,0.0,0.0,,,,,,,,,,,,,,,
265,748542,2023-10-28T00:05:00Z,Globe Life Field,-5,Artificial Turf,Retractable,Roof Closed,73,"0 mph, None",42472,242,5,6,11,2023-10-28T02:54:07.509Z,2023-10-28T02:54:10.908Z,0,0,0,8,True,5,3,Alek Thomas,Left,Jon Gray,Right,Ball,B,FF,Four-Seam Fastball,2,1,2,3,96.6,88.0,3.18536809437677,1.42928351912548,11,0.93,0.3898846740493318,6.309135767262901,0.8293574046427954,-0.8293574046427954,1.3082594478160179,3.306392165686232,-0.4219744828629022,3.685824154416956,36.0,3.6,24.0,-13.1,16.3,9.2,2251,215,True,False,False,0.0,0.0,,,,,,,,,,,,,,,
266,748542,2023-10-28T00:05:00Z,Globe Life Field,-5,Artificial Turf,Retractable,Roof Closed,73,"0 mph, None",42472,242,5,6,11,2023-10-28T02:54:31.024Z,2023-10-28T02:54:37.802Z,0,0,0,8,True,5,3,Alek Thomas,Left,Jon Gray,Right,Foul,F,FF,Four-Seam Fastball,3,1,2,4,97.3,89.0,3.21,1.43,3,0.93,0.3867032110539115,6.236043504906589,0.8293574046427954,-0.8293574046427954,1.3089759286905378,3.331024071309462,0.3726014386446335,3.2171719671549814,32.4,3.6,24.0,-14.6,14.3,9.2,2212,219,True,False,False,0.0,0.0,,,,,,,,,,,,,,,
267,748542,2023-10-28T00:05:00Z,Globe Life Field,-5,Artificial Turf,Retractable,Roof Closed,73,"0 mph, None",42472,242,5,6,11,2023-10-28T02:55:26.721Z,2023-10-28T02:55:31.718Z,0,0,0,8,True,5,3,Alek Thomas,Left,Jon Gray,Right,Swinging Strike,S,FF,Four-Seam Fastball,3,2,2,5,97.1,88.6,3.21,1.43,2,0.93,0.38805516584014654,6.472938421560519,0.8293574046427954,-0.8293574046427954,1.3089759286905378,3.331024071309462,-0.2507553750363311,2.925454540355565,33.6,3.6,24.0,-12.8,16.2,8.6,2160,213,True,False,False,0.0,0.0,0.0,0.0,Strikeout,strikeout,Alek Thomas strikes out swinging.,Ks,0.0,,,,,,,,
268,748542,2023-10-28T00:05:00Z,Globe Life Field,-5,Artificial Turf,Retractable,Roof Closed,73,"0 mph, None",42472,242,5,6,11,2023-10-28T02:58:33.227Z,2023-10-28T02:58:36.969Z,0,0,0,8,False,5,3,Adolis García,Right,Kevin Ginkel,Right,Called Strike,C,SL,Slider,0,0,0,1,87.0,80.0,3.31897055155782,1.65927845396665,14,0.9,0.4338018386519713,6.997594601233127,0.8293574046427954,-0.8293574046427954,1.538254382657188,3.439994622867282,0.7390112140948311,1.5711562361002356,4.8,8.4,24.0,-36.5,-0.1,-3.6,2634,88,False,False,False,0.0,0.0,,,,,,,,,,,,,,,
269,748542,2023-10-28T00:05:00Z,Globe Life Field,-5,Artificial Turf,Retractable,Roof Closed,73,"0 mph, None",42472,242,5,6,11,2023-10-28T02:58:47.997Z,2023-10-28T02:58:50.997Z,0,0,0,8,False,5,3,Adolis García,Right,Kevin Ginkel,Right,Ball,B,FF,Four-Seam Fastball,0,1,0,2,95.3,86.0,3.31897055155782,1.60964485391564,12,0.92,0.3971619914104272,6.812770557181283,0.8293574046427954,-0.8293574046427954,1.488620782606178,3.439994622867282,0.2737265493833501,5.286183430117606,39.6,3.6,24.0,-13.1,17.4,10.9,2435,220,False,False,False,0.0,0.0,,,,,,,,,,,,,,,
270,748542,2023-10-28T00:05:00Z,Globe Life Field,-5,Artificial Turf,Retractable,Roof Closed,73,"0 mph, None",42472,242,5,6,11,2023-10-28T02:59:03.374Z,2023-10-28T02:59:07.301Z,0,0,0,8,False,5,3,Adolis García,Right,Kevin Ginkel,Right,Ball,B,FF,Four-Seam Fastball,1,1,0,3,95.8,86.8,3.26552435274482,1.60964485391564,11,0.92,0.3945341322578675,6.777335541483677,0.8293574046427954,-0.8293574046427954,1.488620782606178,3.3865484240542822,-0.6811569590691491,3.489252776527463,28.8,3.6,24.0,-16.0,14.2,8.5,2541,223,False,False,False,0.0,0.0,,,,,,,,,,,,,,,
271,748542,2023-10-28T00:05:00Z,Globe Life Field,-5,Artificial Turf,Retractable,Roof Closed,73,"0 mph, None",42472,242,5,6,11,2023-10-28T02:59:34.290Z,2023-10-28T02:59:39.314Z,0,0,0,8,False,5,3,Adolis García,Right,Kevin Ginkel,Right,Ball,B,SL,Slider,2,1,0,5,86.1,79.0,3.2922465725511,1.63629913776977,14,0.9,0.4386340814488854,7.125654069467785,0.8293574046427954,-0.8293574046427954,1.5152750664603079,3.413270643860562,1.1038491375187256,2.2378062186607988,4.8,8.4,24.0,-38.9,-1.8,-3.7,2600,62,False,False,False,0.0,0.0,,,,,,,,,,,,,,,
272,748542,2023-10-28T00:05:00Z,Globe Life Field,-5,Artificial Turf,Retractable,Roof Closed,73,"0 mph, None",42472,242,5,6,11,2023-10-28T03:00:05.014Z,2023-10-28T03:00:08.852Z,0,0,0,8,False,5,3,Adolis García,Right,Kevin Ginkel,Right,Called Strike,C,FF,Four-Seam Fastball,3,1,0,6,96.4,87.7,3.2922465725511,1.63629913776977,9,0.92,0.39257124803092136,6.964423125781892,0.8293574046427954,-0.8293574046427954,1.5152750664603079,3.413270643860562,0.4990075700574761,1.9683471842767106,26.4,4.8,24.0,-16.9,12.8,8.4,2458,227,False,False,False,0.0,0.0,,,,,,,,,,,,,,,
273,748542,2023-10-28T00:05:00Z,Globe Life Field,-5,Artificial Turf,Retractable,Roof Closed,73,"0 mph, None",42472,242,5,6,11,2023-10-28T03:00:22.141Z,2023-10-28T03:00:26.509Z,0,0,0,8,False,5,3,Adolis García,Right,Kevin Ginkel,Right,Foul,F,SL,Slider,3,2,0,7,88.1,81.1,3.41,1.66,14,0.9,0.4283875208987391,6.7106129885761066,0.8293574046427954,-0.8293574046427954,1.5389759286905378,3.5310240713094623,0.3835425042506564,1.0258703840708128,4.8,8.4,24.0,-36.5,-1.1,-3.1,2602,73,False,False,False,0.0,0.0,,,,,,,,,,,,,,,
274,748542,2023-10-28T00:05:00Z,Globe Life Field,-5,Artificial Turf,Retractable,Roof Closed,73,"0 mph, None",42472,242,5,6,11,2023-10-28T03:00:54.918Z,2023-10-28T03:01:01.789Z,0,0,0,8,False,5,3,Adolis García,Right,Kevin Ginkel,Right,Foul,F,SL,Slider,3,2,0,8,88.1,81.2,3.41,1.66,5,0.9,0.42695201269194083,6.485635478020474,0.8293574046427954,-0.8293574046427954,1.5389759286905378,3.5310240713094623,-0.026553225833494374,2.5302780379418173,4.8,8.4,24.0,-36.4,-1.2,-3.4,2524,78,False,False,False,0.0,0.0,,,,,,,,,,,,,,,
275,748542,2023-10-28T00:05:00Z,Globe Life Field,-5,Artificial Turf,Retractable,Roof Closed,73,"0 mph, None",42472,242,5,6,11,2023-10-28T03:01:17.215Z,2023-10-28T03:01:28.224Z,0,0,0,8,False,5,3,Adolis García,Right,Kevin Ginkel,Right,"In play, no out",D,SL,Slider,3,2,0,9,87.1,80.3,3.41,1.66,14,0.9,0.4330458073906689,6.448067590776955,0.8293574046427954,-0.8293574046427954,1.5389759286905378,3.5310240713094623,0.42857466844140657,1.2378914363919111,3.6,9.6,24.0,-42.6,-6.4,-3.1,2439,48,False,False,False,0.0,0.0,0.487037037037037,0.549074074074074,Single,single,Adolis Garcia singles on a ground ball to center fielder Alek Thomas.,1B,0.0,97.3,3.0,73.0,ground_ball,medium,8,116.03,154.43
276,748542,2023-10-28T00:05:00Z,Globe Life Field,-5,Artificial Turf,Retractable,Roof Closed,73,"0 mph, None",42472,242,5,6,11,2023-10-28T03:01:53.918Z,2023-10-28T03:01:57.974Z,0,0,0,8,False,5,3,Mitch Garver,Right,Kevin Ginkel,Right,Ball,B,SI,Sinker,0,0,0,0,93.9,85.1,3.4793522472526,1.60964485391564,11,1.0,0.4032037828180668,7.0810493694022085,0.8293574046427954,-0.8293574046427954,1.488620782606178,3.6003763185620623,-1.0180087405279403,2.7749532509312793,39.6,7.2,24.0,-23.5,7.9,19.2,2350,222,True,False,False,0.0,0.0,,,,,,,,,,,,,,,
277,748542,2023-10-28T00:05:00Z,Globe Life Field,-5,Artificial Turf,Retractable,Roof Closed,73,"0 mph, None",42472,242,5,6,11,2023-10-28T03:02:11.277Z,2023-10-28T03:02:15.615Z,0,0,0,8,False,5,3,Mitch Garver,Right,Kevin Ginkel,Right,Called Strike,C,SL,Slider,1,0,0,1,85.8,79.1,3.42588437230776,1.52968859132175,9,0.9,0.43940019873511327,6.63027549788362,0.8293574046427954,-0.8293574046427954,1.4086645200122878,3.5469084436172222,0.5350777742548833,1.557329716839761,3.6,8.4,24.0,-39.5,-2.2,-2.8,2576,70,True,False,False,0.0,0.0,,,,,,,,,,,,,,,
278,748542,2023-10-28T00:05:00Z,Globe Life Field,-5,Artificial Turf,Retractable,Roof Closed,73,"0 mph, None",42472,242,5,6,11,2023-10-28T03:02:33.582Z,2023-10-28T03:02:36.582Z,0,0,0,8,False,5,3,Mitch Garver,Right,Kevin Ginkel,Right,Swinging Strike,S,SL,Slider,1,1,0,2,86.4,80.0,3.39,1.58,14,0.9,0.4355533540379932,6.622606395387016,0.8293574046427954,-0.8293574046427954,1.458975928690538,3.5110240713094623,0.8354602211538333,1.679382091281519,6.0,9.6,24.0,-41.4,-4.8,-4.2,2469,54,True,False,False,0.0,0.0,,,,,,,,,,,,,,,
279,748542,2023-10-28T00:05:00Z,Globe Life Field,-5,Artificial Turf,Retractable,Roof Closed,73,"0 mph, None",42472,242,5,6,11,2023-10-28T03:03:10.608Z,2023-10-28T03:03:13.872Z,0,0,0,8,False,5,3,Mitch Garver,Right,Kevin Ginkel,Right,Swinging Strike,S,FF,Four-Seam Fastball,1,2,0,4,97.0,88.1,3.39,1.58,11,0.92,0.38930896956959105,6.598472574589924,0.8293574046427954,-0.8293574046427954,1.458975928690538,3.5110240713094623,-0.6259033621091709,3.645323917702131,36.0,3.6,24.0,-11.6,17.6,8.4,2406,221,True,False,False,0.0,0.0,0.0,0.0,Strikeout,strikeout,Mitch Garver strikes out swinging.,Ks,0.0,,,,,,,,
280,748542,2023-10-28T00:05:00Z,Globe Life Field,-5,Artificial Turf,Retractable,Roof Closed,73,"0 mph, None",42472,242,5,6,11,2023-10-28T03:03:41.642Z,2023-10-28T03:03:45.672Z,0,0,0,8,False,5,3,Jonah Heim,Left,Kevin Ginkel,Right,Ball,B,FF,Four-Seam Fastball,0,0,1,0,96.4,87.6,3.66654958442039,1.74292756013475,12,0.92,0.3917320861362552,6.994348248805299,0.8293574046427954,-0.8293574046427954,1.621903488825288,3.7875736557298523,0.16701086846384894,3.8649305594106105,28.8,3.6,24.0,-13.9,15.7,7.4,2346,222,True,False,False,0.0,0.0,,,,,,,,,,,,,,,
281,748542,2023-10-28T00:05:00Z,Globe Life Field,-5,Artificial Turf,Retractable,Roof Closed,73,"0 mph, None",42472,242,5,6,11,2023-10-28T03:04:01.630Z,2023-10-28T03:04:05.719Z,0,0,0,8,False,5,3,Jonah Heim,Left,Kevin Ginkel,Right,Ball,B,FF,Four-Seam Fastball,1,0,1,1,94.9,86.2,3.63907970676706,1.71554631078026,2,0.92,0.3981754905150128,6.779152344724346,0.8293574046427954,-0.8293574046427954,1.5945222394707979,3.7601037780765223,0.16125367808673444,3.600468787416301,19.2,3.6,24.0,-16.1,14.5,5.5,2389,221,True,False,False,0.1543800885053279,0.031961748862276,,,,,,,,,,,,,,,
282,748542,2023-10-28T00:05:00Z,Globe Life Field,-5,Artificial Turf,Retractable,Roof Closed,73,"0 mph, None",42472,242,5,6,11,2023-10-28T03:04:22.402Z,2023-10-28T03:04:34.618Z,0,0,0,8,False,5,3,Jonah Heim,Left,Kevin Ginkel,Right,Swinging Strike,S,SL,Slider,2,0,1,2,86.5,80.5,3.55,1.7,14,0.9,0.43519629638936186,6.909686202157193,0.8293574046427954,-0.8293574046427954,1.5789759286905378,3.671024071309462,0.6586734292272463,0.15248498213259168,6.0,8.4,24.0,-39.7,-3.2,-4.6,2477,38,True,False,False,0.0,0.0,,,,,,,,,,,,,,,
283,748542,2023-10-28T00:05:00Z,Globe Life Field,-5,Artificial Turf,Retractable,Roof Closed,73,"0 mph, None",42472,242,5,6,11,2023-10-28T03:05:00.065Z,2023-10-28T03:05:04.265Z,0,0,0,8,False,5,3,Jonah Heim,Left,Kevin Ginkel,Right,Ball,B,FF,Four-Seam Fastball,2,1,1,4,95.9,87.6,3.58631057103506,1.69927808363409,12,0.92,0.39291494284837514,6.86353621484509,0.8293574046427954,-0.8293574046427954,1.5782540123246278,3.707334642344522,0.13976901411200301,3.8923553967316225,24.0,3.6,24.0,-16.0,13.9,7.0,2334,222,False,True,False,0.0,0.0,,,,,,,,,,,,,,,
284,748542,2023-10-28T00:05:00Z,Globe Life Field,-5,Artificial Turf,Retractable,Roof Closed,73,"0 mph, None",42472,242,5,6,11,2023-10-28T03:05:21.797Z,2023-10-28T03:05:24.797Z,0,0,0,8,False,5,3,Jonah Heim,Left,Kevin Ginkel,Right,Foul,F,FF,Four-Seam Fastball,3,1,1,5,95.0,86.8,3.55,1.7,1,0.92,0.39647502102159615,6.924820225188229,0.8293574046427954,-0.8293574046427954,1.5789759286905378,3.671024071309462,-0.6197665660685634,3.3548946510452233,25.2,3.6,24.0,-15.2,15.1,7.0,2372,221,False,True,False,0.0,0.0,,,,,,,,,,,,,,,
285,748542,2023-10-28T00:05:00Z,Globe Life Field,-5,Artificial Turf,Retractable,Roof Closed,73,"0 mph, None",42472,242,5,6,11,2023-10-28T03:06:04.876Z,2023-10-28T03:06:09.015Z,0,0,0,8,False,5,3,Jonah Heim,Left,Kevin Ginkel,Right,Foul,F,FF,Four-Seam Fastball,3,2,1,6,96.3,87.8,3.55,1.7,4,0.92,0.3920177422576683,6.404027241450111,0.8293574046427954,-0.8293574046427954,1.5789759286905378,3.671024071309462,-0.44937275963595746,2.4299170025812935,33.6,3.6,24.0,-13.0,16.7,8.6,2462,221,False,True,False,0.0,0.0,,,,,,,,,,,,,,,
286,748542,2023-10-28T00:05:00Z,Globe Life Field,-5,Artificial Turf,Retractable,Roof Closed,73,"0 mph, None",42472,242,5,6,11,2023-10-28T03:06:31.567Z,2023-10-28T03:06:36.554Z,0,0,0,8,False,5,3,Jonah Heim,Left,Kevin Ginkel,Right,Foul,F,SL,Slider,3,2,1,7,87.8,81.6,3.55,1.7,14,0.9,0.42800336966358454,6.704662305031878,0.8293574046427954,-0.8293574046427954,1.5789759286905378,3.671024071309462,0.4935342944494807,1.3945521916874626,8.4,8.4,24.0,-39.5,-4.1,-5.8,2531,64,False,True,False,0.0,0.0,,,,,,,,,,,,,,,
287,748542,2023-10-28T00:05:00Z,Globe Life Field,-5,Artificial Turf,Retractable,Roof Closed,73,"0 mph, None",42472,242,5,6,11,2023-10-28T03:07:15.673Z,2023-10-28T03:07:18.673Z,0,0,0,8,False,5,3,Jonah Heim,Left,Kevin Ginkel,Right,Foul,F,FF,Four-Seam Fastball,3,2,1,9,96.6,87.8,3.55,1.7,5,0.92,0.3910964724971775,6.62943038509337,0.8293574046427954,-0.8293574046427954,1.5789759286905378,3.671024071309462,-0.20234316635500416,2.8685262301978294,27.6,2.4,24.0,-11.8,17.8,6.2,2424,219,False,True,False,0.0,0.0,,,,,,,,,,,,,,,
288,748542,2023-10-28T00:05:00Z,Globe Life Field,-5,Artificial Turf,Retractable,Roof Closed,73,"0 mph, None",42472,242,5,6,11,2023-10-28T03:07:42.067Z,2023-10-28T03:07:48.584Z,0,0,0,8,False,5,3,Jonah Heim,Left,Kevin Ginkel,Right,Ball In Dirt,*B,FF,Four-Seam Fastball,3,2,1,10,96.5,87.8,3.66654958442039,1.74292756013475,13,2.0,0.39219071758556145,6.946557049976576,0.8293574046427954,-0.8293574046427954,1.621903488825288,3.7875736557298523,-0.44566527445324994,1.4078734754011657,43.2,3.6,24.0,-13.4,16.2,12.2,2485,227,False,True,False,0.0,0.0,,,Walk,walk,Jonah Heim walks.,BB,0.0,,,,,,,,
289,748542,2023-10-28T00:05:00Z,Globe Life Field,-5,Artificial Turf,Retractable,Roof Closed,73,"0 mph, None",42472,242,5,6,11,2023-10-28T03:09:22.805Z,2023-10-28T03:09:26.669Z,0,0,0,8,False,5,3,Nathaniel Lowe,Left,Kevin Ginkel,Right,Ball,B,FF,Four-Seam Fastball,0,0,1,2,94.0,85.3,3.58631057103506,1.7695875455133,11,0.92,0.4017368335189815,6.453674396817004,0.8293574046427954,-0.8293574046427954,1.648563474203838,3.707334642344522,-0.4395793212662919,4.066942557742628,21.6,3.6,24.0,-15.0,16.2,5.8,2433,218,True,True,False,0.0,0.0,,,,,,,,,,,,,,,
290,748542,2023-10-28T00:05:00Z,Globe Life Field,-5,Artificial Turf,Retractable,Roof Closed,73,"0 mph, None",42472,242,5,6,11,2023-10-28T03:09:41.595Z,2023-10-28T03:09:44.705Z,0,0,0,8,False,5,3,Nathaniel Lowe,Left,Kevin Ginkel,Right,Swinging Strike,S,FF,Four-Seam Fastball,1,0,1,3,94.4,85.9,3.46,1.64,2,0.92,0.4002036172895971,6.724088368225207,0.8293574046427954,-0.8293574046427954,1.5189759286905378,3.581024071309462,0.15888927836578073,3.0285084322218747,24.0,3.6,24.0,-16.0,14.9,7.2,2390,224,True,True,False,0.0,0.0,,,,,,,,,,,,,,,
291,748542,2023-10-28T00:05:00Z,Globe Life Field,-5,Artificial Turf,Retractable,Roof Closed,73,"0 mph, None",42472,242,5,6,11,2023-10-28T03:10:18.709Z,2023-10-28T03:10:21.946Z,0,0,0,8,False,5,3,Nathaniel Lowe,Left,Kevin Ginkel,Right,Swinging Strike,S,FF,Four-Seam Fastball,1,1,1,5,94.3,85.6,3.46,1.64,12,0.92,0.40070665734312794,6.648732852051261,0.8293574046427954,-0.8293574046427954,1.5189759286905378,3.581024071309462,0.2968195808379238,3.742847314840786,25.2,3.6,24.0,-15.7,15.4,7.2,2419,219,True,True,False,0.0,0.0,,,,,,,,,,,,,,,
292,748542,2023-10-28T00:05:00Z,Globe Life Field,-5,Artificial Turf,Retractable,Roof Closed,73,"0 mph, None",42472,242,5,6,11,2023-10-28T03:10:41.288Z,2023-10-28T03:10:52.325Z,0,0,0,8,False,5,3,Nathaniel Lowe,Left,Kevin Ginkel,Right,"In play, out(s)",X,FF,Four-Seam Fastball,1,2,1,6,95.7,87.0,3.46,1.64,6,0.92,0.39498128160503,6.728430456203439,0.8293574046427954,-0.8293574046427954,1.5189759286905378,3.581024071309462,0.6624839438632222,2.8417636329719835,28.8,3.6,24.0,-14.0,16.1,7.6,2489,223,True,True,False,0.0,0.0,0.1184615384615384,0.1753846153846154,Flyout,field_out,Nathaniel Lowe flies out to left fielder Lourdes Gurriel Jr.,F7,0.0,77.3,33.0,265.0,fly_ball,medium,7,86.19,101.28
293,748542,2023-10-28T00:05:00Z,Globe Life Field,-5,Artificial Turf,Retractable,Roof Closed,73,"0 mph, None",42472,242,5,6,11,2023-10-28T03:11:35.815Z,2023-10-28T03:11:40.104Z,0,0,0,8,False,5,3,Josh Jung,Right,Kevin Ginkel,Right,Foul,F,SI,Sinker,0,0,2,0,92.9,84.5,3.64,1.74,1,2.0,0.4065105614367961,7.008672364047749,0.8293574046427954,-0.8293574046427954,1.6189759286905379,3.7610240713094623,-0.827851025500721,3.4160811541716067,34.8,6.0,24.0,-21.6,10.3,15.2,2255,213,True,True,False,0.0,0.0,,,,,,,,,,,,,,,
294,748542,2023-10-28T00:05:00Z,Globe Life Field,-5,Artificial Turf,Retractable,Roof Closed,73,"0 mph, None",42472,242,5,6,11,2023-10-28T03:12:06.980Z,2023-10-28T03:12:11.747Z,0,0,0,8,False,5,3,Josh Jung,Right,Kevin Ginkel,Right,Ball,B,FF,Four-Seam Fastball,0,1,2,1,94.5,86.1,3.7735628255183,1.82291105428732,12,0.92,0.3991440850399157,6.926470395310006,0.8293574046427954,-0.8293574046427954,1.7018869829778578,3.894586896827762,0.3597200924764494,4.091930854931246,26.4,3.6,24.0,-13.7,17.2,6.8,2409,213,True,True,False,0.0,0.0,,,,,,,,,,,,,,,
295,748542,2023-10-28T00:05:00Z,Globe Life Field,-5,Artificial Turf,Retractable,Roof Closed,73,"0 mph, None",42472,242,5,6,11,2023-10-28T03:12:28.043Z,2023-10-28T03:12:36.034Z,0,0,0,8,False,5,3,Josh Jung,Right,Kevin Ginkel,Right,"In play, out(s)",X,SI,Sinker,1,1,2,2,93.2,84.9,3.64,1.74,11,2.0,0.4048234383783109,7.078417080341136,0.8293574046427954,-0.8293574046427954,1.6189759286905379,3.7610240713094623,-1.0721537080263512,3.536450588772938,38.4,6.0,24.0,-20.6,11.0,16.4,2410,215,True,True,False,0.0,0.0,0.0930232558139534,0.0930232558139534,Groundout,field_out,"Josh Jung grounds out, shortstop Geraldo Perdomo to first baseman Christian Walker.",6-3,0.0,51.7,-20.0,11.0,ground_ball,medium,6,111.04,158.74
296,748542,2023-10-28T00:05:00Z,Globe Life Field,-5,Artificial Turf,Retractable,Roof Closed,73,"0 mph, None",42472,242,5,6,11,2023-10-28T03:15:40.480Z,2023-10-28T03:15:43.865Z,0,0,0,9,True,5,3,Evan Longoria,Right,Jon Gray,Right,Called Strike,C,SL,Slider,0,0,0,1,87.5,81.0,3.55956812747439,1.72927746092433,4,0.9,0.42791653935304286,6.276724927603618,0.8293574046427954,-0.8293574046427954,1.6082533896148679,3.6805921987838524,-0.5057201333023593,2.850151694511958,9.6,7.2,24.0,-31.7,3.6,-5.5,2272,145,False,False,False,0.0,0.0,,,,,,,,,,,,,,,
297,748542,2023-10-28T00:05:00Z,Globe Life Field,-5,Artificial Turf,Retractable,Roof Closed,73,"0 mph, None",42472,242,5,6,11,2023-10-28T03:15:58.764Z,2023-10-28T03:16:01.764Z,0,0,0,9,True,5,3,Evan Longoria,Right,Jon Gray,Right,Swinging Strike,S,SL,Slider,0,1,0,2,87.3,81.1,3.66,1.73,14,0.9,0.42930033346143137,6.354676292176866,0.8293574046427954,-0.8293574046427954,1.6089759286905378,3.7810240713094623,0.1987342723056443,1.3370319491763858,6.0,7.2,24.0,-32.0,3.6,-3.4,2431,144,False,False,False,0.0,0.0,,,,,,,,,,,,,,,
298,748542,2023-10-28T00:05:00Z,Globe Life Field,-5,Artificial Turf,Retractable,Roof Closed,73,"0 mph, None",42472,242,5,6,11,2023-10-28T03:16:17.772Z,2023-10-28T03:16:23.488Z,0,0,0,9,True,5,3,Evan Longoria,Right,Jon Gray,Right,Swinging Strike,S,SL,Slider,0,2,0,3,89.1,82.7,3.66,1.73,14,0.9,0.42062910884923577,6.046433666567255,0.8293574046427954,-0.8293574046427954,1.6089759286905378,3.7810240713094623,0.40298266278378214,1.5918337659442556,7.2,6.0,24.0,-29.0,5.2,-3.6,2399,163,False,False,False,0.0,0.0,0.0,0.0,Strikeout,strikeout,Evan Longoria strikes out swinging.,Ks,0.0,,,,,,,,
299,748542,2023-10-28T00:05:00Z,Globe Life Field,-5,Artificial Turf,Retractable,Roof Closed,73,"0 mph, None",42472,242,5,6,11,2023-10-28T03:19:25.328Z,2023-10-28T03:19:29.813Z,0,0,0,9,True,5,3,Geraldo Perdomo,Right,Will Smith,Left,Called Strike,C,SL,Slider,0,0,1,2,79.3,74.1,3.37242384951267,1.52968859132175,8,0.9,0.4718690657648663,5.86382591814715,0.8293574046427954,-0.8293574046427954,1.4086645200122878,3.493447920822132,0.1166916247497832,1.8870717016651826,13.2,9.6,24.0,-43.3,-0.4,10.6,2506,322,False,False,False,0.0,0.0,,,,,,,,,,,,,,,
300,748542,2023-10-28T00:05:00Z,Globe Life Field,-5,Artificial Turf,Retractable,Roof Closed,73,"0 mph, None",42472,242,5,6,11,2023-10-28T03:19:40.300Z,2023-10-28T03:19:44.140Z,0,0,0,9,True,5,3,Geraldo Perdomo,Right,Will Smith,Left,Foul,F,FF,Four-Seam Fastball,0,1,1,3,90.3,83.2,3.41,1.57,2,0.88,0.41566034822241704,5.97990512967601,0.8293574046427954,-0.8293574046427954,1.448975928690538,3.5310240713094623,0.12372114866158157,3.0594713557843383,22.8,3.6,24.0,-17.0,16.3,-7.1,2226,148,False,False,False,0.0,0.0,,,,,,,,,,,,,,,
301,748542,2023-10-28T00:05:00Z,Globe Life Field,-5,Artificial Turf,Retractable,Roof Closed,73,"0 mph, None",42472,242,5,6,11,2023-10-28T03:20:03.505Z,2023-10-28T03:20:06.505Z,0,0,0,9,True,5,3,Geraldo Perdomo,Right,Will Smith,Left,Ball,B,SL,Slider,0,2,1,4,80.6,75.3,3.26552435274482,1.47638979430023,13,0.9,0.466216839584793,5.9793560615240455,0.8293574046427954,-0.8293574046427954,1.3553657229907679,3.3865484240542822,-0.3086404967809043,0.0036915267478328647,8.4,10.8,24.0,-45.6,-3.6,6.8,2610,332,False,False,False,0.0,0.0,,,,,,,,,,,,,,,
302,748542,2023-10-28T00:05:00Z,Globe Life Field,-5,Artificial Turf,Retractable,Roof Closed,73,"0 mph, None",42472,242,5,6,11,2023-10-28T03:20:24.716Z,2023-10-28T03:20:28.055Z,0,0,0,9,True,5,3,Geraldo Perdomo,Right,Will Smith,Left,Ball,B,SL,Slider,1,2,1,5,80.9,75.6,3.23880387667375,1.47638979430023,13,0.9,0.4640729166705464,6.2096480701016965,0.8293574046427954,-0.8293574046427954,1.3553657229907679,3.359827947983212,-1.4216034537168352,0.496433878513419,7.2,9.6,24.0,-43.2,-1.7,6.1,2505,332,False,False,False,0.0,0.0,,,,,,,,,,,,,,,
303,748542,2023-10-28T00:05:00Z,Globe Life Field,-5,Artificial Turf,Retractable,Roof Closed,73,"0 mph, None",42472,242,5,6,11,2023-10-28T03:20:46.780Z,2023-10-28T03:20:54.378Z,0,0,0,9,True,5,3,Geraldo Perdomo,Right,Will Smith,Left,"In play, out(s)",X,FF,Four-Seam Fastball,2,2,1,6,91.3,83.9,3.41,1.57,5,0.9,0.4119061845284806,6.033484854522346,0.8293574046427954,-0.8293574046427954,1.448975928690538,3.5310240713094623,-0.029338598138517566,2.439889896129334,16.8,3.6,24.0,-18.0,14.8,-5.4,2171,146,False,False,False,0.0,0.0,0.0696517412935323,0.0696517412935323,Groundout,field_out,"Geraldo Perdomo grounds out, third baseman Josh Jung to first baseman Nathaniel Lowe.",5-3,0.0,82.1,-42.0,4.0,ground_ball,medium,5,104.72,160.91
304,748542,2023-10-28T00:05:00Z,Globe Life Field,-5,Artificial Turf,Retractable,Roof Closed,73,"0 mph, None",42472,242,5,6,11,2023-10-28T03:21:21.658Z,2023-10-28T03:21:25.457Z,0,0,0,9,True,5,3,Corbin Carroll,Left,Will Smith,Left,Ball,B,SL,Slider,0,0,2,0,80.7,73.7,3.18536809437677,1.5563395920191,11,0.9,0.46732508531685735,5.842398870205666,0.8293574046427954,-0.8293574046427954,1.435315520709638,3.306392165686232,-0.1144079185493219,3.9342877796682223,14.4,8.4,24.0,-37.4,4.7,9.8,2331,318,False,False,False,0.0,0.0,,,,,,,,,,,,,,,
305,748542,2023-10-28T00:05:00Z,Globe Life Field,-5,Artificial Turf,Retractable,Roof Closed,73,"0 mph, None",42472,242,5,6,11,2023-10-28T03:21:36.763Z,2023-10-28T03:21:44.528Z,0,0,0,9,True,5,3,Corbin Carroll,Left,Will Smith,Left,"In play, out(s)",X,SL,Slider,1,0,2,1,79.2,72.9,3.12,1.49,4,0.9,0.47570663985884565,6.313575149420134,0.8293574046427954,-0.8293574046427954,1.3689759286905379,3.2410240713094622,-0.3712731442763432,2.2687731212643127,14.4,9.6,24.0,-42.0,1.7,10.8,2494,317,False,False,False,0.0,0.0,0.6683467741935484,1.545866935483871,Lineout,field_out,Corbin Carroll lines out sharply to right fielder Adolis Garcia.,L9,0.0,106.4,19.0,354.0,line_drive,hard,9,198.96,75.79
306,748542,2023-10-28T00:05:00Z,Globe Life Field,-5,Artificial Turf,Retractable,Roof Closed,73,"0 mph, None",42472,242,5,6,11,2023-10-28T03:25:04.158Z,2023-10-28T03:25:07.889Z,2,0,2,9,False,5,3,Leody Taveras,Left,Paul Sewald,Right,Called Strike,C,FF,Four-Seam Fastball,0,0,0,2,90.7,82.8,3.69257900567885,1.82218768562879,11,0.89,0.4153097377956323,5.725707836960324,0.8293574046427954,-0.8293574046427954,1.7011636143193278,3.8136030769883122,-1.0254796592756208,3.1289919834189597,24.0,4.8,24.0,-21.4,12.0,9.5,2473,239,False,False,False,-0.0683751871070632,-0.0135982090757244,,,,,,,,,,,,,,,
307,748542,2023-10-28T00:05:00Z,Globe Life Field,-5,Artificial Turf,Retractable,Roof Closed,73,"0 mph, None",42472,242,5,6,11,2023-10-28T03:25:18.602Z,2023-10-28T03:25:22.567Z,2,0,2,9,False,5,3,Leody Taveras,Left,Paul Sewald,Right,Ball,B,FF,Four-Seam Fastball,0,1,0,3,92.1,83.9,3.69329987245449,1.82291105428732,11,0.9,0.4096704419569952,5.978563246150536,0.8293574046427954,-0.8293574046427954,1.7018869829778578,3.8143239437639522,-0.23941049179484758,3.94945662395798,27.6,4.8,24.0,-18.2,14.2,9.7,2445,238,False,False,False,0.0,0.0,,,,,,,,,,,,,,,
308,748542,2023-10-28T00:05:00Z,Globe Life Field,-5,Artificial Turf,Retractable,Roof Closed,73,"0 mph, None",42472,242,5,6,11,2023-10-28T03:25:35.597Z,2023-10-28T03:25:40.714Z,2,0,2,9,False,5,3,Leody Taveras,Left,Paul Sewald,Right,Ball,B,FF,Four-Seam Fastball,1,1,0,4,91.9,83.7,3.66654958442039,1.8495746014833,11,0.9,0.410239815155232,5.942918982542354,0.8293574046427954,-0.8293574046427954,1.728550530173838,3.7875736557298523,-1.0006910172135801,3.220553715166888,19.2,4.8,24.0,-21.4,11.2,7.6,2550,240,False,False,False,0.0,0.0,,,,,,,,,,,,,,,
309,748542,2023-10-28T00:05:00Z,Globe Life Field,-5,Artificial Turf,Retractable,Roof Closed,73,"0 mph, None",42472,242,5,6,11,2023-10-28T03:25:53.004Z,2023-10-28T03:25:56.139Z,2,0,2,9,False,5,3,Leody Taveras,Left,Paul Sewald,Right,Ball,B,FF,Four-Seam Fastball,2,1,0,5,91.8,83.8,3.66654958442039,1.82291105428732,13,0.9,0.41037201265917567,6.085165300825829,0.8293574046427954,-0.8293574046427954,1.7018869829778578,3.7875736557298523,-1.239902440429408,2.2676866220099923,24.0,4.8,24.0,-19.7,12.8,8.6,2533,239,False,False,False,0.0,0.0,,,,,,,,,,,,,,,
310,748542,2023-10-28T00:05:00Z,Globe Life Field,-5,Artificial Turf,Retractable,Roof Closed,73,"0 mph, None",42472,242,5,6,11,2023-10-28T03:26:09.899Z,2023-10-28T03:26:13.544Z,2,0,2,9,False,5,3,Leody Taveras,Left,Paul Sewald,Right,Ball,B,FF,Four-Seam Fastball,3,1,0,6,92.4,84.2,3.69329987245449,1.8495746014833,11,0.9,0.40791798864598494,6.2387436377804475,0.8293574046427954,-0.8293574046427954,1.728550530173838,3.8143239437639522,-1.4967251799669061,2.841048901818358,31.2,4.8,24.0,-18.7,13.4,11.5,2498,241,False,False,False,0.0,0.0,,,Walk,walk,Leody Taveras walks.,BB,0.0,,,,,,,,
311,748542,2023-10-28T00:05:00Z,Globe Life Field,-5,Artificial Turf,Retractable,Roof Closed,73,"0 mph, None",42472,242,5,6,11,2023-10-28T03:26:40.880Z,2023-10-28T03:26:43.886Z,2,0,2,9,False,5,3,Marcus Semien,Right,Paul Sewald,Right,Swinging Strike,S,ST,Sweeper,0,0,0,0,87.3,79.9,3.25,1.55,6,0.86,0.4318902971317162,5.929937600329179,0.8293574046427954,-0.8293574046427954,1.428975928690538,3.371024071309462,0.5465612716297191,2.6613529873300816,16.8,6.0,24.0,-24.4,11.6,-7.3,2619,122,True,False,False,0.0,0.0,,,,,,,,,,,,,,,
312,748542,2023-10-28T00:05:00Z,Globe Life Field,-5,Artificial Turf,Retractable,Roof Closed,73,"0 mph, None",42472,242,5,6,11,2023-10-28T03:26:56.166Z,2023-10-28T03:26:59.886Z,2,0,2,9,False,5,3,Marcus Semien,Right,Paul Sewald,Right,Foul,F,ST,Sweeper,0,1,0,1,85.8,78.8,3.25,1.55,8,0.88,0.438874470941891,6.369393915174439,0.8293574046427954,-0.8293574046427954,1.428975928690538,3.371024071309462,-0.17007030713241186,1.6813370486880355,10.8,7.2,24.0,-31.6,5.6,-6.0,2589,106,True,False,False,0.0,0.0,,,,,,,,,,,,,,,
313,748542,2023-10-28T00:05:00Z,Globe Life Field,-5,Artificial Turf,Retractable,Roof Closed,73,"0 mph, None",42472,242,5,6,11,2023-10-28T03:27:19.712Z,2023-10-28T03:27:25.234Z,2,0,2,9,False,5,3,Marcus Semien,Right,Paul Sewald,Right,Swinging Strike,S,FF,Four-Seam Fastball,0,2,0,2,91.8,83.0,3.25,1.55,1,0.9,0.41213370833811913,6.324781840101028,0.8293574046427954,-0.8293574046427954,1.428975928690538,3.371024071309462,-0.7190612146880774,3.3922749674766606,30.0,4.8,24.0,-17.3,15.5,10.0,2494,234,True,False,False,0.0,0.0,0.0,0.0,Strikeout,strikeout,Marcus Semien strikes out swinging.,Ks,0.0,,,,,,,,
314,748542,2023-10-28T00:05:00Z,Globe Life Field,-5,Artificial Turf,Retractable,Roof Closed,73,"0 mph, None",42472,242,5,6,11,2023-10-28T03:27:48.037Z,2023-10-28T03:28:12.988Z,2,0,2,9,False,5,3,Corey Seager,Left,Paul Sewald,Right,"In play, run(s)",E,FF,Four-Seam Fastball,0,0,1,0,93.6,84.7,3.47,1.52,3,0.9,0.4045816766101229,6.304619503430081,0.8293574046427954,-0.8293574046427954,1.3989759286905379,3.5910240713094623,0.2484530843898781,3.3168820361738525,36.0,4.8,24.0,-15.4,16.2,10.9,2570,241,True,False,False,0.0,0.0,0.9466666666666668,3.7466666666666666,Home Run,home_run,Corey Seager homers (4) on a fly ball to right field. Leody Taveras scores.,HR,2.0,112.6,33.0,418.0,fly_ball,medium,9,227.69,62.68
315,748542,2023-10-28T00:05:00Z,Globe Life Field,-5,Artificial Turf,Retractable,Roof Closed,73,"0 mph, None",42472,242,5,6,11,2023-10-28T03:28:44.050Z,2023-10-28T03:28:49.689Z,2,2,0,9,False,5,5,Evan Carter,Left,Paul Sewald,Right,Called Strike,C,ST,Sweeper,0,0,1,0,85.9,78.2,3.7735628255183,1.79624870627556,4,0.88,0.43952370069049485,6.50277717144549,0.8293574046427954,-0.8293574046427954,1.675224634966098,3.894586896827762,-0.6721879492846468,2.5359354410733497,15.6,6.0,24.0,-25.7,11.6,-7.3,2570,128,False,False,False,0.0,0.0,,,,,,,,,,,,,,,
316,748542,2023-10-28T00:05:00Z,Globe Life Field,-5,Artificial Turf,Retractable,Roof Closed,73,"0 mph, None",42472,242,5,6,11,2023-10-28T03:29:00.175Z,2023-10-28T03:29:03.255Z,2,2,0,9,False,5,5,Evan Carter,Left,Paul Sewald,Right,Foul,F,FF,Four-Seam Fastball,0,1,1,1,93.3,84.9,3.6,1.72,1,0.9,0.40436065333292737,6.485683232880571,0.8293574046427954,-0.8293574046427954,1.5989759286905378,3.7210240713094622,-0.635974676820923,3.5631908441368436,39.6,4.8,24.0,-15.0,16.6,12.5,2588,241,False,False,False,0.0,0.0,,,,,,,,,,,,,,,
317,748542,2023-10-28T00:05:00Z,Globe Life Field,-5,Artificial Turf,Retractable,Roof Closed,73,"0 mph, None",42472,242,5,6,11,2023-10-28T03:29:39.162Z,2023-10-28T03:29:42.162Z,2,2,0,9,False,5,5,Evan Carter,Left,Paul Sewald,Right,Ball,B,FF,Four-Seam Fastball,0,2,1,3,93.6,85.2,3.72005216387848,1.7695875455133,11,0.9,0.4023323746492222,5.97702680515021,0.8293574046427954,-0.8293574046427954,1.648563474203838,3.841076235187942,-2.7636918599743336,3.7549352310121566,38.4,4.8,24.0,-17.9,13.3,14.2,2561,238,False,False,False,0.0,0.0,,,,,,,,,,,,,,,
318,748542,2023-10-28T00:05:00Z,Globe Life Field,-5,Artificial Turf,Retractable,Roof Closed,73,"0 mph, None",42472,242,5,6,11,2023-10-28T03:29:58.362Z,2023-10-28T03:30:01.362Z,2,2,0,9,False,5,5,Evan Carter,Left,Paul Sewald,Right,Foul,F,FF,Four-Seam Fastball,1,2,1,4,94.0,85.8,3.6,1.72,11,0.9,0.40074205913802796,6.233345086955185,0.8293574046427954,-0.8293574046427954,1.5989759286905378,3.7210240713094622,-0.9076536973184656,3.0610941119439765,37.2,4.8,24.0,-16.9,14.0,12.7,2561,234,False,False,False,0.0,0.0,,,,,,,,,,,,,,,
319,748542,2023-10-28T00:05:00Z,Globe Life Field,-5,Artificial Turf,Retractable,Roof Closed,73,"0 mph, None",42472,242,5,6,11,2023-10-28T03:30:17.408Z,2023-10-28T03:30:20.408Z,2,2,0,9,False,5,5,Evan Carter,Left,Paul Sewald,Right,Foul,F,FF,Four-Seam Fastball,1,2,1,5,93.2,85.0,3.6,1.72,1,0.9,0.40444233721736467,6.578950636018323,0.8293574046427954,-0.8293574046427954,1.5989759286905378,3.7210240713094622,-0.5527340795797157,3.2589576462968024,21.6,4.8,24.0,-19.2,12.5,7.6,2535,237,False,False,False,0.0,0.0,,,,,,,,,,,,,,,
320,748542,2023-10-28T00:05:00Z,Globe Life Field,-5,Artificial Turf,Retractable,Roof Closed,73,"0 mph, None",42472,242,5,6,11,2023-10-28T03:30:40.947Z,2023-10-28T03:30:44.642Z,2,2,0,9,False,5,5,Evan Carter,Left,Paul Sewald,Right,Swinging Strike,S,ST,Sweeper,1,2,1,6,86.0,77.5,3.6,1.72,8,0.9,0.4415230015621936,6.365035348580135,0.8293574046427954,-0.8293574046427954,1.5989759286905378,3.7210240713094622,-0.16833382622098592,2.204483730377653,26.4,7.2,24.0,-26.4,11.3,-13.1,2489,102,False,False,False,0.0,0.0,0.0,0.0,Strikeout,strikeout,Evan Carter strikes out swinging.,Ks,0.0,,,,,,,,
321,748542,2023-10-28T00:05:00Z,Globe Life Field,-5,Artificial Turf,Retractable,Roof Closed,73,"0 mph, None",42472,242,5,6,11,2023-10-28T03:31:11.637Z,2023-10-28T03:31:15.590Z,2,2,0,9,False,5,5,Adolis García,Right,Paul Sewald,Right,Called Strike,C,FF,Four-Seam Fastball,0,0,2,0,93.0,84.7,3.31897055155782,1.5563395920191,5,0.9,0.4061213864573454,6.34812391025876,0.8293574046427954,-0.8293574046427954,1.435315520709638,3.439994622867282,0.07845698130005123,2.542292471432032,36.0,4.8,24.0,-16.7,15.1,12.2,2593,237,False,False,False,0.0,0.0,,,,,,,,,,,,,,,
322,748542,2023-10-28T00:05:00Z,Globe Life Field,-5,Artificial Turf,Retractable,Roof Closed,73,"0 mph, None",42472,242,5,6,11,2023-10-28T03:31:28.212Z,2023-10-28T03:31:33.173Z,2,2,0,9,False,5,5,Adolis García,Right,Paul Sewald,Right,Foul,F,ST,Sweeper,0,1,2,1,86.0,78.1,3.41,1.66,14,0.9,0.441187284223449,6.418327259211127,0.8293574046427954,-0.8293574046427954,1.5389759286905378,3.5310240713094623,0.9662695726308126,1.6922852557364183,26.4,8.4,24.0,-31.2,6.4,-16.0,2645,65,False,False,False,0.0,0.0,,,,,,,,,,,,,,,
323,748542,2023-10-28T00:05:00Z,Globe Life Field,-5,Artificial Turf,Retractable,Roof Closed,73,"0 mph, None",42472,242,5,6,11,2023-10-28T03:32:05.408Z,2023-10-28T03:32:10.933Z,2,2,0,9,False,5,5,Adolis García,Right,Paul Sewald,Right,Hit By Pitch,H,FF,Four-Seam Fastball,0,2,2,3,92.3,83.8,3.41,1.66,11,0.9,0.408759729289105,6.3526136772044595,0.8293574046427954,-0.8293574046427954,1.5389759286905378,3.5310240713094623,-1.572193164145114,3.673499122462462,32.4,4.8,24.0,-19.4,12.8,12.5,2521,231,False,False,False,0.0,0.0,,,Hit By Pitch,hit_by_pitch,Adolis Garcia hit by pitch.,HBP,0.0,,,,,,,,
324,748542,2023-10-28T00:05:00Z,Globe Life Field,-5,Artificial Turf,Retractable,Roof Closed,73,"0 mph, None",42472,242,5,6,11,2023-10-28T03:33:24.397Z,2023-10-28T03:33:30.902Z,2,2,0,9,False,5,5,Mitch Garver,Right,Paul Sewald,Right,Ball,B,FF,Four-Seam Fastball,0,0,2,1,92.4,83.8,3.4793522472526,1.52968859132175,11,0.9,0.4087740759432581,5.944917733974753,0.8293574046427954,-0.8293574046427954,1.4086645200122878,3.6003763185620623,-0.9832003023888536,4.128371472451053,33.6,4.8,24.0,-16.3,16.0,10.9,2536,234,True,False,False,0.0,0.0,,,,,,,,,,,,,,,
325,748542,2023-10-28T00:05:00Z,Globe Life Field,-5,Artificial Turf,Retractable,Roof Closed,73,"0 mph, None",42472,242,5,6,11,2023-10-28T03:34:35.827Z,2023-10-28T03:34:39.071Z,2,2,0,9,False,5,5,Austin Hedges,Right,Paul Sewald,Right,Swinging Strike,S,ST,Sweeper,0,0,2,0,84.6,76.9,3.24,1.48,6,0.9,0.4477124973557465,6.556132600000098,0.8293574046427954,-0.8293574046427954,1.3589759286905378,3.3610240713094623,0.6173458215154712,2.1707762023629065,26.4,7.2,24.0,-28.6,10.2,-14.3,2488,108,True,True,False,0.0,0.0,,,,,,,,,,,,,,,
326,748542,2023-10-28T00:05:00Z,Globe Life Field,-5,Artificial Turf,Retractable,Roof Closed,73,"0 mph, None",42472,242,5,6,11,2023-10-28T03:34:52.818Z,2023-10-28T03:34:55.818Z,2,2,0,9,False,5,5,Austin Hedges,Right,Paul Sewald,Right,Swinging Strike,S,ST,Sweeper,0,1,2,1,84.9,77.3,3.24,1.48,14,0.9,0.4464250108633725,6.594736731478684,0.8293574046427954,-0.8293574046427954,1.3589759286905378,3.3610240713094623,0.8495757612546243,1.4689655225884557,20.4,7.2,24.0,-30.1,8.3,-11.6,2603,103,True,True,False,0.0,0.0,,,,,,,,,,,,,,,
327,748542,2023-10-28T00:05:00Z,Globe Life Field,-5,Artificial Turf,Retractable,Roof Closed,73,"0 mph, None",42472,242,5,6,11,2023-10-28T03:35:12.622Z,2023-10-28T03:35:19.337Z,2,2,0,9,False,5,5,Austin Hedges,Right,Paul Sewald,Right,Swinging Strike,S,ST,Sweeper,0,2,2,2,85.2,77.7,3.24,1.48,9,0.86,0.44369310824928165,6.39257090808941,0.8293574046427954,-0.8293574046427954,1.3589759286905378,3.3610240713094623,0.3558878168993915,1.7052112332987388,9.6,6.0,24.0,-26.9,11.0,-4.6,2538,113,True,True,False,0.0,0.0,0.0,0.0,Strikeout,strikeout,Austin Hedges strikes out swinging.,Ks,0.0,,,,,,,,
328,748542,2023-10-28T00:05:00Z,Globe Life Field,-5,Artificial Turf,Retractable,Roof Closed,73,"0 mph, None",42472,242,5,6,11,2023-10-28T03:38:07.908Z,2023-10-28T03:38:11.345Z,0,0,0,10,True,5,5,Ketel Marte,Left,José Leclerc,Right,Called Strike,C,CH,Changeup,0,0,0,1,88.9,81.4,3.72005216387848,1.8495746014833,7,2.0,0.4239282077801274,5.094364461513169,0.8293574046427954,-0.8293574046427954,1.728550530173838,3.841076235187942,-0.524054017382193,1.989212760125165,32.4,6.0,24.0,-24.6,10.1,15.5,1980,211,False,True,False,0.0,0.0,,,,,,,,,,,,,,,
329,748542,2023-10-28T00:05:00Z,Globe Life Field,-5,Artificial Turf,Retractable,Roof Closed,73,"0 mph, None",42472,242,5,6,11,2023-10-28T03:38:21.120Z,2023-10-28T03:38:26.266Z,0,0,0,10,True,5,5,Ketel Marte,Left,José Leclerc,Right,Ball,B,FF,Four-Seam Fastball,0,1,0,2,96.7,88.2,3.74680647582199,1.8495746014833,14,2.0,0.39027625353953166,5.299612640543304,0.8293574046427954,-0.8293574046427954,1.728550530173838,3.8678305471314522,0.9468558429049754,2.0288721282700983,25.2,2.4,24.0,-11.4,18.0,5.2,2558,211,False,True,False,0.0,0.0,,,,,,,,,,,,,,,
330,748542,2023-10-28T00:05:00Z,Globe Life Field,-5,Artificial Turf,Retractable,Roof Closed,73,"0 mph, None",42472,242,5,6,11,2023-10-28T03:38:36.172Z,2023-10-28T03:38:40.072Z,0,0,0,10,True,5,5,Ketel Marte,Left,José Leclerc,Right,Called Strike,C,FF,Four-Seam Fastball,1,1,0,3,96.0,87.3,3.66654958442039,1.79624870627556,8,2.0,0.3934073302409318,5.105197091029226,0.8293574046427954,-0.8293574046427954,1.675224634966098,3.7875736557298523,0.24162782512880918,1.9502459439832542,21.6,2.4,24.0,-10.7,19.2,4.2,2513,209,False,True,False,0.0,0.0,,,,,,,,,,,,,,,
331,748542,2023-10-28T00:05:00Z,Globe Life Field,-5,Artificial Turf,Retractable,Roof Closed,73,"0 mph, None",42472,242,5,6,11,2023-10-28T03:38:52.542Z,2023-10-28T03:38:55.542Z,0,0,0,10,True,5,5,Ketel Marte,Left,José Leclerc,Right,Foul,F,CH,Changeup,1,2,0,4,89.4,81.7,3.58,1.71,13,2.0,0.4221386664382152,5.304902346112786,0.8293574046427954,-0.8293574046427954,1.5889759286905378,3.701024071309462,-0.7525471847851573,1.6165866044347827,37.2,6.0,24.0,-21.0,13.4,16.2,2153,206,False,True,False,0.0,0.0,,,,,,,,,,,,,,,
332,748542,2023-10-28T00:05:00Z,Globe Life Field,-5,Artificial Turf,Retractable,Roof Closed,73,"0 mph, None",42472,242,5,6,11,2023-10-28T03:39:11.211Z,2023-10-28T03:39:18.238Z,0,0,0,10,True,5,5,Ketel Marte,Left,José Leclerc,Right,"In play, out(s)",X,FF,Four-Seam Fastball,1,2,0,5,97.1,88.6,3.58,1.71,14,2.0,0.38823784240785963,5.321377957348331,0.8293574046427954,-0.8293574046427954,1.5889759286905378,3.701024071309462,0.9409798131617586,2.4539742306531585,22.8,2.4,24.0,-11.2,17.9,4.6,2612,206,False,True,False,0.0,0.0,0.4469026548672566,0.4867256637168141,Lineout,field_out,Ketel Marte lines out to second baseman Marcus Semien.,L4,0.0,82.5,9.0,146.0,line_drive,medium,4,148.66,147.96
333,748542,2023-10-28T00:05:00Z,Globe Life Field,-5,Artificial Turf,Retractable,Roof Closed,73,"0 mph, None",42472,242,5,6,11,2023-10-28T03:39:41.738Z,2023-10-28T03:39:47.306Z,0,0,0,10,True,5,5,Gabriel Moreno,Right,José Leclerc,Right,Ball,B,SL,Slider,0,0,1,0,86.3,79.8,3.2922465725511,1.50303866246815,14,2.0,0.43552620222926475,5.300428799066474,0.8293574046427954,-0.8293574046427954,1.3820145911586879,3.413270643860562,0.6586662835601418,1.187621181888221,9.6,7.2,24.0,-31.0,5.8,-5.2,2527,124,False,False,False,0.0,0.0,,,,,,,,,,,,,,,
334,748542,2023-10-28T00:05:00Z,Globe Life Field,-5,Artificial Turf,Retractable,Roof Closed,73,"0 mph, None",42472,242,5,6,11,2023-10-28T03:39:55.217Z,2023-10-28T03:39:58.650Z,0,0,0,10,True,5,5,Gabriel Moreno,Right,José Leclerc,Right,Called Strike,C,SL,Slider,1,0,1,1,84.8,78.5,3.21208512897316,1.47638979430023,6,2.0,0.4420929678184433,5.059867278884191,0.8293574046427954,-0.8293574046427954,1.3553657229907679,3.333109200282622,0.670172490142517,2.4933971372070642,13.2,7.2,24.0,-32.0,5.8,-7.4,2670,113,False,False,False,0.0,0.0,,,,,,,,,,,,,,,
335,748542,2023-10-28T00:05:00Z,Globe Life Field,-5,Artificial Turf,Retractable,Roof Closed,73,"0 mph, None",42472,242,5,6,11,2023-10-28T03:40:10.906Z,2023-10-28T03:40:14.842Z,0,0,0,10,True,5,5,Gabriel Moreno,Right,José Leclerc,Right,Ball,B,FF,Four-Seam Fastball,1,1,1,2,98.0,89.4,3.39915319988751,1.5563395920191,14,2.0,0.3852864797112332,5.2543644284196604,0.8293574046427954,-0.8293574046427954,1.435315520709638,3.5201772711969723,1.4671507749174195,2.1586607520022025,27.6,2.4,24.0,-9.7,19.0,5.0,2623,206,False,False,False,0.0,0.0,,,,,,,,,,,,,,,
336,748542,2023-10-28T00:05:00Z,Globe Life Field,-5,Artificial Turf,Retractable,Roof Closed,73,"0 mph, None",42472,242,5,6,11,2023-10-28T03:40:24.890Z,2023-10-28T03:40:28.127Z,0,0,0,10,True,5,5,Gabriel Moreno,Right,José Leclerc,Right,Foul,F,FC,Cutter,2,1,1,3,91.6,84.4,3.34,1.54,6,2.0,0.4100390619081504,5.127927501849218,0.8293574046427954,-0.8293574046427954,1.418975928690538,3.461024071309462,0.24164599853117313,2.6201669995139385,9.6,6.0,24.0,-27.7,4.7,-4.8,2652,158,False,False,False,0.0,0.0,,,,,,,,,,,,,,,
337,748542,2023-10-28T00:05:00Z,Globe Life Field,-5,Artificial Turf,Retractable,Roof Closed,73,"0 mph, None",42472,242,5,6,11,2023-10-28T03:40:54.140Z,2023-10-28T03:40:57.872Z,0,0,0,10,True,5,5,Gabriel Moreno,Right,José Leclerc,Right,Ball,B,FF,Four-Seam Fastball,2,2,1,4,98.2,89.2,3.26552435274482,1.50303866246815,12,2.0,0.38418288763726105,5.326517145851971,0.8293574046427954,-0.8293574046427954,1.3820145911586879,3.3865484240542822,0.34385583799607916,3.797301414700594,8.4,2.4,24.0,-10.8,17.6,1.7,2551,201,False,False,False,0.0,0.0,,,,,,,,,,,,,,,
338,748542,2023-10-28T00:05:00Z,Globe Life Field,-5,Artificial Turf,Retractable,Roof Closed,73,"0 mph, None",42472,242,5,6,11,2023-10-28T03:41:11.757Z,2023-10-28T03:41:15.017Z,0,0,0,10,True,5,5,Gabriel Moreno,Right,José Leclerc,Right,Foul,F,SL,Slider,3,2,1,5,84.8,77.1,3.34,1.54,5,2.0,0.44549562976034185,5.0609079465942495,0.8293574046427954,-0.8293574046427954,1.418975928690538,3.461024071309462,-0.2558514779269491,2.6341727354823323,8.4,6.0,24.0,-26.2,12.1,-3.7,2516,98,False,False,False,0.0,0.0,,,,,,,,,,,,,,,
339,748542,2023-10-28T00:05:00Z,Globe Life Field,-5,Artificial Turf,Retractable,Roof Closed,73,"0 mph, None",42472,242,5,6,11,2023-10-28T03:41:35.172Z,2023-10-28T03:41:41.998Z,0,0,0,10,True,5,5,Gabriel Moreno,Right,José Leclerc,Right,Foul Tip,T,FF,Four-Seam Fastball,3,2,1,6,97.1,88.5,3.34,1.54,6,2.0,0.38852985868030077,5.336658442213107,0.8293574046427954,-0.8293574046427954,1.418975928690538,3.461024071309462,0.4341774887688595,2.261364611305333,27.6,2.4,24.0,-10.6,18.6,5.6,2581,208,False,False,False,0.0,0.0,0.0,0.0,Strikeout,strikeout,Gabriel Moreno strikes out on a foul tip.,Ks,0.0,,,,,,,,
340,748542,2023-10-28T00:05:00Z,Globe Life Field,-5,Artificial Turf,Retractable,Roof Closed,73,"0 mph, None",42472,242,5,6,11,2023-10-28T03:42:03.946Z,2023-10-28T03:42:06.946Z,0,0,0,10,True,5,5,Christian Walker,Right,José Leclerc,Right,Swinging Strike,S,SL,Slider,0,0,2,0,84.6,78.3,3.43,1.6,14,2.0,0.4441307373841896,5.3116684877938045,0.8293574046427954,-0.8293574046427954,1.478975928690538,3.5510240713094623,0.022732199689629598,0.7538269570193624,14.4,8.4,24.0,-34.3,3.7,-9.2,2632,89,False,False,False,0.0,0.0,,,,,,,,,,,,,,,
341,748542,2023-10-28T00:05:00Z,Globe Life Field,-5,Artificial Turf,Retractable,Roof Closed,73,"0 mph, None",42472,242,5,6,11,2023-10-28T03:42:17.994Z,2023-10-28T03:42:20.994Z,0,0,0,10,True,5,5,Christian Walker,Right,José Leclerc,Right,Swinging Strike,S,FF,Four-Seam Fastball,0,1,2,1,96.2,87.6,3.43,1.6,2,2.0,0.3920078799338116,5.3708358240076155,0.8293574046427954,-0.8293574046427954,1.478975928690538,3.5510240713094623,0.11858618826074238,3.1110895833551266,0.0,2.4,24.0,-12.2,17.5,0.0,2524,205,False,False,False,0.0,0.0,,,,,,,,,,,,,,,
342,748542,2023-10-28T00:05:00Z,Globe Life Field,-5,Artificial Turf,Retractable,Roof Closed,73,"0 mph, None",42472,242,5,6,11,2023-10-28T03:42:48.549Z,2023-10-28T03:42:58.060Z,0,0,0,10,True,5,5,Christian Walker,Right,José Leclerc,Right,"In play, out(s)",X,SL,Slider,0,2,2,3,86.2,79.3,3.43,1.6,14,2.0,0.4366004837134807,5.348523872018031,0.8293574046427954,-0.8293574046427954,1.478975928690538,3.5510240713094623,0.99071857189069,2.1503805219906478,6.0,7.2,24.0,-29.5,7.2,-3.5,2722,104,False,False,False,0.0,0.0,0.0010764262648008,0.0021528525296017,Flyout,field_out,Christian Walker flies out to center fielder Leody Taveras.,F8,0.0,88.1,46.0,276.0,fly_ball,medium,8,138.73,89.94
343,748542,2023-10-28T00:05:00Z,Globe Life Field,-5,Artificial Turf,Retractable,Roof Closed,73,"0 mph, None",42472,242,5,6,11,2023-10-28T03:45:40.631Z,2023-10-28T03:45:44.153Z,0,0,0,10,False,5,5,Nathaniel Lowe,Left,Kyle Nelson,Left,Called Strike,C,SL,Slider,0,0,0,1,84.3,77.5,3.58631057103506,1.71626873835329,7,0.9,0.44637445377926355,5.368424588745487,0.8293574046427954,-0.8293574046427954,1.5952446670438278,3.707334642344522,-0.27671379259993417,1.7586165845511699,3.6,8.4,24.0,-34.8,3.6,2.5,2762,223,False,True,False,0.0,0.0,,,,,,,,,,,,,,,
344,748542,2023-10-28T00:05:00Z,Globe Life Field,-5,Artificial Turf,Retractable,Roof Closed,73,"0 mph, None",42472,242,5,6,11,2023-10-28T03:45:58.036Z,2023-10-28T03:46:01.091Z,0,0,0,10,False,5,5,Nathaniel Lowe,Left,Kyle Nelson,Left,Swinging Strike,S,SL,Slider,0,1,0,2,84.8,77.6,3.46,1.64,13,0.9,0.4451131306220488,5.428191703813569,0.8293574046427954,-0.8293574046427954,1.5189759286905378,3.581024071309462,-0.27341625190896085,1.2900982092586308,6.0,7.2,24.0,-34.4,3.8,4.0,2719,210,False,True,False,0.0,0.0,,,,,,,,,,,,,,,
345,748542,2023-10-28T00:05:00Z,Globe Life Field,-5,Artificial Turf,Retractable,Roof Closed,73,"0 mph, None",42472,242,5,6,11,2023-10-28T03:46:23.030Z,2023-10-28T03:46:28.128Z,0,0,0,10,False,5,5,Nathaniel Lowe,Left,Kyle Nelson,Left,Ball,B,SL,Slider,0,2,0,4,85.5,78.4,3.45261738274183,1.66295453878,13,0.92,0.4413675007470945,5.606827091431108,0.8293574046427954,-0.8293574046427954,1.5419304674705379,3.573641454051292,-1.29192541057572,1.0344998126695257,7.2,8.4,24.0,-35.0,2.5,4.8,2701,231,False,True,False,0.0,0.0,,,,,,,,,,,,,,,
346,748542,2023-10-28T00:05:00Z,Globe Life Field,-5,Artificial Turf,Retractable,Roof Closed,73,"0 mph, None",42472,242,5,6,11,2023-10-28T03:46:39.201Z,2023-10-28T03:46:42.201Z,0,0,0,10,False,5,5,Nathaniel Lowe,Left,Kyle Nelson,Left,Ball,B,SL,Slider,1,2,0,5,85.9,79.2,3.45261738274183,1.66295453878,13,0.91,0.4380007839390547,5.724970225032006,0.8293574046427954,-0.8293574046427954,1.5419304674705379,3.573641454051292,-0.906375393027355,0.8137678937728323,3.6,7.2,24.0,-33.2,3.8,1.9,2737,216,False,True,False,0.0,0.0,,,,,,,,,,,,,,,
347,748542,2023-10-28T00:05:00Z,Globe Life Field,-5,Artificial Turf,Retractable,Roof Closed,73,"0 mph, None",42472,242,5,6,11,2023-10-28T03:46:55.547Z,2023-10-28T03:46:59.683Z,0,0,0,10,False,5,5,Nathaniel Lowe,Left,Kyle Nelson,Left,Ball,B,FF,Four-Seam Fastball,2,2,0,6,91.3,82.9,3.50608898201394,1.63629913776977,12,0.9,0.413310497529777,5.591038879535591,0.8293574046427954,-0.8293574046427954,1.5152750664603079,3.627113053323402,1.1642338487678543,3.341777095077096,24.0,3.6,24.0,-14.2,18.8,-6.4,2161,153,False,True,False,0.0,0.0,,,,,,,,,,,,,,,
348,748542,2023-10-28T00:05:00Z,Globe Life Field,-5,Artificial Turf,Retractable,Roof Closed,73,"0 mph, None",42472,242,5,6,11,2023-10-28T03:47:13.022Z,2023-10-28T03:47:18.670Z,0,0,0,10,False,5,5,Nathaniel Lowe,Left,Kyle Nelson,Left,Ball,B,SL,Slider,3,2,0,7,84.4,77.9,3.50608898201394,1.68961106845012,13,0.9,0.44562590101592336,5.50215745988457,0.8293574046427954,-0.8293574046427954,1.5685869971406579,3.627113053323402,-0.24713413242832405,0.6998478022094098,8.4,8.4,24.0,-34.9,3.5,5.2,2638,221,False,True,False,0.0,0.0,,,Walk,walk,Nathaniel Lowe walks.,BB,0.0,,,,,,,,
349,748542,2023-10-28T00:05:00Z,Globe Life Field,-5,Artificial Turf,Retractable,Roof Closed,73,"0 mph, None",42472,242,5,6,11,2023-10-28T03:47:58.279Z,2023-10-28T03:48:03.253Z,0,0,0,10,False,5,5,Josh Jung,Right,Kyle Nelson,Left,Foul,F,FC,Cutter,0,0,0,1,87.3,79.2,3.64,1.74,1,0.93,0.43283032067195526,5.469747099467355,0.8293574046427954,-0.8293574046427954,1.6189759286905379,3.7610240713094623,-0.3357962342389589,3.3565959389363567,7.2,6.0,24.0,-26.4,9.7,3.4,2458,186,True,False,False,0.0,0.0,,,,,,,,,,,,,,,
350,748542,2023-10-28T00:05:00Z,Globe Life Field,-5,Artificial Turf,Retractable,Roof Closed,73,"0 mph, None",42472,242,5,6,11,2023-10-28T03:48:22.202Z,2023-10-28T03:48:25.466Z,0,0,0,10,False,5,5,Josh Jung,Right,Kyle Nelson,Left,Ball,B,FC,Cutter,0,1,0,2,88.0,81.2,3.74680647582199,1.71626873835329,14,0.92,0.4268841021281684,5.509373270620482,0.8293574046427954,-0.8293574046427954,1.5952446670438278,3.8678305471314522,0.639219970409827,1.1236996667331183,10.8,6.0,24.0,-27.6,7.6,5.3,2532,177,True,False,False,0.0,0.0,,,,,,,,,,,,,,,
351,748542,2023-10-28T00:05:00Z,Globe Life Field,-5,Artificial Turf,Retractable,Roof Closed,73,"0 mph, None",42472,242,5,6,11,2023-10-28T03:48:41.846Z,2023-10-28T03:48:49.852Z,0,0,0,10,False,5,5,Josh Jung,Right,Kyle Nelson,Left,"In play, out(s)",X,FF,Four-Seam Fastball,1,1,0,3,91.1,82.9,3.64,1.74,2,0.9,0.41359384791781517,5.663127456811408,0.8293574046427954,-0.8293574046427954,1.6189759286905379,3.7610240713094623,-0.17763747300388152,3.505585344543346,18.0,3.6,24.0,-17.2,15.8,-5.8,2225,154,True,False,False,0.0,0.0,0.1141439205955335,0.1290322580645161,Grounded Into DP,grounded_into_double_play,"Josh Jung grounds into a double play, shortstop Geraldo Perdomo to second baseman Ketel Marte to first baseman Christian Walker. Nathaniel Lowe out at 2nd. Josh Jung out at 1st.",6-4-3,0.0,93.4,-22.0,10.0,ground_ball,medium,6,89.24,136.34
352,748542,2023-10-28T00:05:00Z,Globe Life Field,-5,Artificial Turf,Retractable,Roof Closed,73,"0 mph, None",42472,242,5,6,11,2023-10-28T03:49:34.541Z,2023-10-28T03:49:39.602Z,0,0,0,10,False,5,5,Leody Taveras,Right,Kyle Nelson,Left,Called Strike,C,FC,Cutter,0,0,2,0,87.5,80.8,3.66654958442039,1.82291105428732,13,0.92,0.42910690558834563,5.609619516296891,0.8293574046427954,-0.8293574046427954,1.7018869829778578,3.7875736557298523,-0.41108618976455547,1.5193638719444174,2.4,6.0,24.0,-27.2,8.3,-1.2,2521,165,False,False,False,-0.0331400820354242,-0.0104130114214714,,,,,,,,,,,,,,,
353,748542,2023-10-28T00:05:00Z,Globe Life Field,-5,Artificial Turf,Retractable,Roof Closed,73,"0 mph, None",42472,242,5,6,11,2023-10-28T03:49:50.391Z,2023-10-28T03:49:54.352Z,0,0,0,10,False,5,5,Leody Taveras,Right,Kyle Nelson,Left,Ball,B,FF,Four-Seam Fastball,0,1,2,1,91.4,83.2,3.66654958442039,1.8495746014833,12,0.9,0.4123728582305062,5.698370789726981,0.8293574046427954,-0.8293574046427954,1.728550530173838,3.7875736557298523,1.1747010434597318,3.0909788644567877,24.0,3.6,24.0,-16.9,15.8,-7.3,2177,153,False,False,False,0.0,0.0,,,,,,,,,,,,,,,
354,748542,2023-10-28T00:05:00Z,Globe Life Field,-5,Artificial Turf,Retractable,Roof Closed,73,"0 mph, None",42472,242,5,6,11,2023-10-28T03:50:06.879Z,2023-10-28T03:50:10.162Z,0,0,0,10,False,5,5,Leody Taveras,Right,Kyle Nelson,Left,Swinging Strike,S,SL,Slider,1,1,2,2,85.4,78.9,3.63,1.77,13,0.91,0.440139633997255,5.586267024037288,0.8293574046427954,-0.8293574046427954,1.6489759286905379,3.751024071309462,-0.8810478904300071,0.930497980058722,4.8,7.2,24.0,-34.7,2.8,3.1,2836,231,False,False,False,0.0,0.0,,,,,,,,,,,,,,,
355,748542,2023-10-28T00:05:00Z,Globe Life Field,-5,Artificial Turf,Retractable,Roof Closed,73,"0 mph, None",42472,242,5,6,11,2023-10-28T03:50:38.768Z,2023-10-28T03:50:42.591Z,0,0,0,10,False,5,5,Leody Taveras,Right,Kyle Nelson,Left,Ball,B,FC,Cutter,1,2,2,4,88.1,81.1,3.63980128276033,1.79624870627556,13,0.92,0.4272594098999316,5.693892757703027,0.8293574046427954,-0.8293574046427954,1.675224634966098,3.7608253540697922,-0.2026122646344948,0.89951680190519,4.8,6.0,24.0,-28.8,6.5,2.3,2530,185,False,False,False,0.0,0.0,,,,,,,,,,,,,,,
356,748542,2023-10-28T00:05:00Z,Globe Life Field,-5,Artificial Turf,Retractable,Roof Closed,73,"0 mph, None",42472,242,5,6,11,2023-10-28T03:50:55.044Z,2023-10-28T03:50:58.417Z,0,0,0,10,False,5,5,Leody Taveras,Right,Kyle Nelson,Left,Ball,B,SL,Slider,2,2,2,5,85.5,78.3,3.66654958442039,1.79624870627556,13,0.91,0.4413112123378884,5.669477278638211,0.8293574046427954,-0.8293574046427954,1.675224634966098,3.7875736557298523,-0.8896718804562421,1.170233085301528,8.4,8.4,24.0,-35.5,2.0,5.4,2719,250,False,False,False,0.0,0.0,,,,,,,,,,,,,,,
357,748542,2023-10-28T00:05:00Z,Globe Life Field,-5,Artificial Turf,Retractable,Roof Closed,73,"0 mph, None",42472,242,5,6,11,2023-10-28T03:51:13.787Z,2023-10-28T03:51:19.358Z,0,0,0,10,False,5,5,Leody Taveras,Right,Kyle Nelson,Left,Ball,B,FF,Four-Seam Fastball,3,2,2,6,92.0,83.7,3.66654958442039,1.8495746014833,13,0.9,0.4102364636783964,5.82341397850399,0.8293574046427954,-0.8293574046427954,1.728550530173838,3.7875736557298523,-1.3058654797025184,2.800986611959436,26.4,3.6,24.0,-15.2,17.2,-7.4,2232,152,False,False,False,0.0,0.0,,,Walk,walk,Leody Taveras walks.,BB,0.0,,,,,,,,
358,748542,2023-10-28T00:05:00Z,Globe Life Field,-5,Artificial Turf,Retractable,Roof Closed,73,"0 mph, None",42472,242,5,6,11,2023-10-28T03:52:49.429Z,2023-10-28T03:53:00.106Z,0,0,0,10,False,5,5,Marcus Semien,Right,Kyle Nelson,Left,"In play, no out",D,FC,Cutter,0,0,2,2,89.5,81.7,3.25,1.55,4,0.89,0.4210635023346687,5.580074931229984,0.8293574046427954,-0.8293574046427954,1.428975928690538,3.371024071309462,-0.32023098236264036,2.2246009204044985,1.2,4.8,24.0,-21.8,12.4,0.7,2506,171,True,False,False,0.0,0.0,0.693950177935943,0.796085409252669,Single,single,Marcus Semien singles on a sharp ground ball to left fielder Lourdes Gurriel Jr. Leody Taveras to 2nd.,1B,0.0,101.3,8.0,135.0,ground_ball,hard,7,74.3,117.82
359,748542,2023-10-28T00:05:00Z,Globe Life Field,-5,Artificial Turf,Retractable,Roof Closed,73,"0 mph, None",42472,242,5,6,11,2023-10-28T03:53:32.576Z,2023-10-28T03:53:35.714Z,0,0,0,10,False,5,5,Corey Seager,Left,Kyle Nelson,Left,Ball In Dirt,*B,SL,Slider,0,0,2,0,86.5,79.3,3.53282760329428,1.5563395920191,13,0.77,0.4363460968653925,5.744583725533641,0.8293574046427954,-0.8293574046427954,1.435315520709638,3.653851674603742,-0.8943552057407022,0.6457344631080811,3.6,7.2,24.0,-31.9,4.8,2.4,2810,224,True,True,False,0.0,0.0,,,,,,,,,,,,,,,
360,748542,2023-10-28T00:05:00Z,Globe Life Field,-5,Artificial Turf,Retractable,Roof Closed,73,"0 mph, None",42472,242,5,6,11,2023-10-28T03:53:48.894Z,2023-10-28T03:53:52.744Z,0,0,0,10,False,5,5,Corey Seager,Left,Kyle Nelson,Left,Ball In Dirt,*B,SL,Slider,1,0,2,1,85.4,79.3,3.55956812747439,1.58299167578762,14,0.91,0.43896428351283934,5.603012952859966,0.8293574046427954,-0.8293574046427954,1.4619676044781578,3.6805921987838524,0.21967251614150193,0.8462903352490881,10.8,7.2,24.0,-33.2,4.0,6.2,2753,207,True,True,False,0.0,0.0,,,,,,,,,,,,,,,
361,748542,2023-10-28T00:05:00Z,Globe Life Field,-5,Artificial Turf,Retractable,Roof Closed,73,"0 mph, None",42472,242,5,6,11,2023-10-28T03:54:09.783Z,2023-10-28T03:54:17.576Z,0,0,0,10,False,5,5,Corey Seager,Left,Kyle Nelson,Left,"In play, out(s)",X,SL,Slider,2,0,2,2,86.2,79.5,3.47,1.52,7,0.9,0.43593411213205924,5.672271838431398,0.8293574046427954,-0.8293574046427954,1.3989759286905379,3.5910240713094623,-0.5232920765649718,1.4981939021795831,4.8,7.2,24.0,-32.5,4.1,2.6,2804,204,True,True,False,0.0,0.0,0.0506072874493927,0.0587044534412955,Groundout,field_out,"Corey Seager grounds out, second baseman Ketel Marte to first baseman Christian Walker.",4-3,0.0,87.8,-28.0,5.0,ground_ball,medium,4,154.4,152.29
362,748542,2023-10-28T00:05:00Z,Globe Life Field,-5,Artificial Turf,Retractable,Roof Closed,73,"0 mph, None",42472,242,5,6,11,2023-10-28T03:56:48.902Z,2023-10-28T03:56:52.686Z,0,0,0,11,True,5,5,Tommy Pham,Right,José Leclerc,Right,Called Strike,C,SL,Slider,0,0,0,0,84.1,77.3,3.48927549517565,1.58299167578762,2,2.0,0.4467809582837532,5.126650916539703,0.8293574046427954,-0.8293574046427954,1.4619676044781578,3.610299566485112,0.014297038863277762,3.019826170904133,4.8,6.0,24.0,-27.6,10.9,-2.6,2643,99,False,True,False,0.0,0.0,,,,,,,,,,,,,,,
363,748542,2023-10-28T00:05:00Z,Globe Life Field,-5,Artificial Turf,Retractable,Roof Closed,73,"0 mph, None",42472,242,5,6,11,2023-10-28T03:57:02.739Z,2023-10-28T03:57:11.500Z,0,0,0,11,True,5,5,Tommy Pham,Right,José Leclerc,Right,"In play, out(s)",X,SL,Slider,0,1,0,1,82.8,76.1,3.49,1.63,6,2.0,0.45380430229709523,4.946322225401448,0.8293574046427954,-0.8293574046427954,1.5089759286905378,3.6110240713094623,0.5626174430481791,2.950624340916798,10.8,6.0,24.0,-27.6,12.1,-5.0,2638,83,False,True,False,0.0,0.0,0.0532623169107856,0.0985352862849534,Flyout,field_out,Tommy Pham flies out to left fielder Evan Carter.,F7,0.0,80.3,31.0,300.0,fly_ball,medium,7,61.43,96.95
364,748542,2023-10-28T00:05:00Z,Globe Life Field,-5,Artificial Turf,Retractable,Roof Closed,73,"0 mph, None",42472,242,5,6,11,2023-10-28T03:57:39.048Z,2023-10-28T03:57:42.081Z,0,0,0,11,True,5,5,Lourdes Gurriel Jr.,Right,José Leclerc,Right,Foul,F,FF,Four-Seam Fastball,0,0,1,0,97.2,88.6,3.61,1.72,14,2.0,0.3884725060494505,5.34220685187549,0.8293574046427954,-0.8293574046427954,1.5989759286905378,3.731024071309462,1.4619301739920936,2.0021070736990123,26.4,3.6,24.0,-12.2,16.9,6.0,2604,205,False,False,False,0.0,0.0,,,,,,,,,,,,,,,
365,748542,2023-10-28T00:05:00Z,Globe Life Field,-5,Artificial Turf,Retractable,Roof Closed,73,"0 mph, None",42472,242,5,6,11,2023-10-28T03:57:58.364Z,2023-10-28T03:58:01.485Z,0,0,0,11,True,5,5,Lourdes Gurriel Jr.,Right,José Leclerc,Right,Ball,B,SI,Sinker,0,1,1,1,96.1,87.8,3.50608898201394,1.68961106845012,14,2.0,0.39304963773845314,5.249493099928166,0.8293574046427954,-0.8293574046427954,1.5685869971406579,3.627113053323402,0.5931046467519716,1.2265705365239223,42.0,4.8,24.0,-15.1,14.8,13.2,2367,203,False,False,False,0.0,0.0,,,,,,,,,,,,,,,
366,748542,2023-10-28T00:05:00Z,Globe Life Field,-5,Artificial Turf,Retractable,Roof Closed,73,"0 mph, None",42472,242,5,6,11,2023-10-28T03:58:14.181Z,2023-10-28T03:58:19.094Z,0,0,0,11,True,5,5,Lourdes Gurriel Jr.,Right,José Leclerc,Right,Swinging Strike,S,FF,Four-Seam Fastball,1,1,1,2,96.9,88.1,3.61,1.72,12,2.0,0.3898061026204229,5.274483903191734,0.8293574046427954,-0.8293574046427954,1.5989759286905378,3.731024071309462,1.2491713469466494,2.830335570517933,25.2,2.4,24.0,-10.6,18.8,4.9,2673,201,False,False,False,0.0,0.0,,,,,,,,,,,,,,,
367,748542,2023-10-28T00:05:00Z,Globe Life Field,-5,Artificial Turf,Retractable,Roof Closed,73,"0 mph, None",42472,242,5,6,11,2023-10-28T03:58:44.109Z,2023-10-28T03:58:47.109Z,0,0,0,11,True,5,5,Lourdes Gurriel Jr.,Right,José Leclerc,Right,Foul,F,FF,Four-Seam Fastball,1,2,1,4,97.9,88.9,3.61,1.72,3,2.0,0.3856898880448685,5.274218167588488,0.8293574046427954,-0.8293574046427954,1.5989759286905378,3.731024071309462,0.7106553225003638,3.3027653918193662,26.4,2.4,24.0,-8.9,19.8,4.4,2683,203,False,False,False,0.0,0.0,,,,,,,,,,,,,,,
368,748542,2023-10-28T00:05:00Z,Globe Life Field,-5,Artificial Turf,Retractable,Roof Closed,73,"0 mph, None",42472,242,5,6,11,2023-10-28T03:59:10.009Z,2023-10-28T03:59:13.341Z,0,0,0,11,True,5,5,Lourdes Gurriel Jr.,Right,José Leclerc,Right,Swinging Strike,S,SL,Slider,1,2,1,5,85.4,78.4,3.61,1.72,14,2.0,0.4409111364693601,5.192753445336291,0.8293574046427954,-0.8293574046427954,1.5989759286905378,3.731024071309462,1.314878440292276,2.737332552928729,9.6,6.0,24.0,-25.2,12.2,-4.6,2570,106,False,False,False,0.0,0.0,0.0,0.0,Strikeout,strikeout,Lourdes Gurriel Jr. strikes out swinging.,Ks,0.0,,,,,,,,
369,748542,2023-10-28T00:05:00Z,Globe Life Field,-5,Artificial Turf,Retractable,Roof Closed,73,"0 mph, None",42472,242,5,6,11,2023-10-28T03:59:38.012Z,2023-10-28T03:59:41.968Z,0,0,0,11,True,5,5,Alek Thomas,Left,José Leclerc,Right,Ball,B,FF,Four-Seam Fastball,0,0,2,0,96.8,88.3,3.23880387667375,1.47638979430023,14,2.0,0.3898919632782869,5.503159606809003,0.8293574046427954,-0.8293574046427954,1.3553657229907679,3.359827947983212,1.2222150328469221,2.2115378684218916,36.0,3.6,24.0,-11.0,18.4,7.9,2557,201,False,False,False,0.0,0.0,,,,,,,,,,,,,,,
370,748542,2023-10-28T00:05:00Z,Globe Life Field,-5,Artificial Turf,Retractable,Roof Closed,73,"0 mph, None",42472,242,5,6,11,2023-10-28T03:59:53.022Z,2023-10-28T03:59:56.037Z,0,0,0,11,True,5,5,Alek Thomas,Left,José Leclerc,Right,Swinging Strike,S,CH,Changeup,1,0,2,1,89.1,81.5,3.21,1.43,13,2.0,0.4231017605713592,5.449630007890102,0.8293574046427954,-0.8293574046427954,1.3089759286905378,3.331024071309462,-1.189948766083457,1.8938584143346306,37.2,6.0,24.0,-21.4,13.2,16.6,2166,203,False,False,False,0.0,0.0,,,,,,,,,,,,,,,
371,748542,2023-10-28T00:05:00Z,Globe Life Field,-5,Artificial Turf,Retractable,Roof Closed,73,"0 mph, None",42472,242,5,6,11,2023-10-28T04:00:08.176Z,2023-10-28T04:00:11.894Z,0,0,0,11,True,5,5,Alek Thomas,Left,José Leclerc,Right,Ball,B,SI,Sinker,1,1,2,2,97.4,88.9,3.2922465725511,1.50303866246815,14,2.0,0.38764086838496326,5.401735713242428,0.8293574046427954,-0.8293574046427954,1.3820145911586879,3.413270643860562,0.8871473600970079,1.4035666082976863,46.8,3.6,24.0,-12.5,16.6,12.8,2447,203,False,False,False,0.0,0.0,,,,,,,,,,,,,,,
372,748542,2023-10-28T00:05:00Z,Globe Life Field,-5,Artificial Turf,Retractable,Roof Closed,73,"0 mph, None",42472,242,5,6,11,2023-10-28T04:00:21.972Z,2023-10-28T04:00:31.497Z,0,0,0,11,True,5,5,Alek Thomas,Left,José Leclerc,Right,"In play, out(s)",X,SL,Slider,2,1,2,3,85.3,78.9,3.21,1.43,9,2.0,0.4399000739905956,5.244194113358785,0.8293574046427954,-0.8293574046427954,1.3089759286905378,3.331024071309462,0.27381730527039566,1.6639727789469938,4.8,6.0,24.0,-28.4,8.9,-2.4,2634,112,False,False,False,0.0,0.0,0.0,0.0,Pop Out,field_out,Alek Thomas pops out to third baseman Josh Jung in foul territory.,P5,0.0,78.0,83.0,52.0,popup,medium,5,103.19,195.89
373,748542,2023-10-28T00:05:00Z,Globe Life Field,-5,Artificial Turf,Retractable,Roof Closed,73,"0 mph, None",42472,242,5,6,11,2023-10-28T04:03:14.084Z,2023-10-28T04:03:17.613Z,1,0,1,11,False,5,5,Evan Carter,Left,Kyle Nelson,Left,Swinging Strike,S,SL,Slider,0,0,0,0,85.3,78.4,3.6,1.72,13,0.91,0.4411707017701101,5.69294568032303,0.8293574046427954,-0.8293574046427954,1.5989759286905378,3.7210240713094622,-0.4913839990328892,1.6688480386129385,10.8,7.2,24.0,-33.6,4.0,6.2,2719,211,False,True,False,0.0,0.0,,,,,,,,,,,,,,,
374,748542,2023-10-28T00:05:00Z,Globe Life Field,-5,Artificial Turf,Retractable,Roof Closed,73,"0 mph, None",42472,242,5,6,11,2023-10-28T04:03:28.622Z,2023-10-28T04:03:32.088Z,1,0,1,11,False,5,5,Evan Carter,Left,Kyle Nelson,Left,Ball,B,SL,Slider,0,1,0,1,86.2,79.5,3.69329987245449,1.71626873835329,13,0.92,0.43697299397872014,5.540208348050239,0.8293574046427954,-0.8293574046427954,1.5952446670438278,3.8143239437639522,-1.360088821730757,0.5346772897533931,9.6,7.2,24.0,-32.9,4.0,5.9,2695,183,False,True,False,0.0,0.0,,,,,,,,,,,,,,,
375,748542,2023-10-28T00:05:00Z,Globe Life Field,-5,Artificial Turf,Retractable,Roof Closed,73,"0 mph, None",42472,242,5,6,11,2023-10-28T04:03:45.049Z,2023-10-28T04:03:48.471Z,1,0,1,11,False,5,5,Evan Carter,Left,Kyle Nelson,Left,Swinging Strike,S,SL,Slider,1,1,0,2,85.2,78.6,3.6,1.72,13,0.91,0.44110407240651606,5.441443378412499,0.8293574046427954,-0.8293574046427954,1.5989759286905378,3.7210240713094622,-0.5905949906553759,1.3963957478287141,12.0,8.4,24.0,-35.6,1.9,7.8,2693,206,False,True,False,0.0,0.0,,,,,,,,,,,,,,,
376,748542,2023-10-28T00:05:00Z,Globe Life Field,-5,Artificial Turf,Retractable,Roof Closed,73,"0 mph, None",42472,242,5,6,11,2023-10-28T04:04:12.033Z,2023-10-28T04:04:15.458Z,1,0,1,11,False,5,5,Evan Carter,Left,Kyle Nelson,Left,Ball,B,SL,Slider,1,2,0,4,85.4,78.9,3.72029837769209,1.76979730692252,13,0.91,0.4401220032749973,5.645240566403078,0.8293574046427954,-0.8293574046427954,1.6487732356130578,3.8413224490015523,-0.43112268140850346,0.5712257789102604,2.4,7.2,24.0,-34.1,3.4,1.8,2856,233,False,True,False,0.0,0.0,,,,,,,,,,,,,,,
377,748542,2023-10-28T00:05:00Z,Globe Life Field,-5,Artificial Turf,Retractable,Roof Closed,73,"0 mph, None",42472,242,5,6,11,2023-10-28T04:04:28.258Z,2023-10-28T04:04:38.179Z,1,0,1,11,False,5,5,Evan Carter,Left,Kyle Nelson,Left,"In play, out(s)",X,SL,Slider,2,2,0,5,85.9,79.1,3.6,1.72,4,0.92,0.4371958976561512,5.693532168159875,0.8293574046427954,-0.8293574046427954,1.5989759286905378,3.7210240713094622,-0.5334120504958104,2.87093658348385,3.6,8.4,24.0,-35.0,1.8,2.3,2771,239,False,True,False,0.0,0.0,0.0049261083743842,0.0137931034482758,Flyout,field_out,Evan Carter flies out to right fielder Corbin Carroll.,F9,0.0,88.3,41.0,308.0,fly_ball,medium,9,176.65,86.18
378,748542,2023-10-28T00:05:00Z,Globe Life Field,-5,Artificial Turf,Retractable,Roof Closed,73,"0 mph, None",42472,242,5,6,11,2023-10-28T04:07:43.524Z,2023-10-28T04:07:46.524Z,1,0,1,11,False,5,5,Adolis García,Right,Miguel Castro,Right,Ball,B,SL,Slider,0,0,1,2,86.7,79.4,3.29248271326998,1.58319722232502,14,0.89,0.4366924167479125,6.4855900105658275,0.8293574046427954,-0.8293574046427954,1.4621731510155578,3.4135067845794422,2.919931782235169,1.445575925521194,18.0,7.2,24.0,-31.8,5.0,-10.6,2865,67,False,False,False,0.0,0.0,,,,,,,,,,,,,,,
379,748542,2023-10-28T00:05:00Z,Globe Life Field,-5,Artificial Turf,Retractable,Roof Closed,73,"0 mph, None",42472,242,5,6,11,2023-10-28T04:08:03.242Z,2023-10-28T04:08:06.242Z,1,0,1,11,False,5,5,Adolis García,Right,Miguel Castro,Right,Ball,B,CH,Changeup,1,0,1,3,91.6,83.9,3.37266186694283,1.66316188932353,14,0.91,0.412618547281455,6.62425888668815,0.8293574046427954,-0.8293574046427954,1.542137818014068,3.493685938252292,1.0063042505701272,0.6883817179107947,31.2,8.4,24.0,-31.6,1.3,18.6,1918,250,False,False,False,0.0,0.0,,,,,,,,,,,,,,,
380,748542,2023-10-28T00:05:00Z,Globe Life Field,-5,Artificial Turf,Retractable,Roof Closed,73,"0 mph, None",42472,242,5,6,11,2023-10-28T04:08:23.076Z,2023-10-28T04:08:26.076Z,1,0,1,11,False,5,5,Adolis García,Right,Miguel Castro,Right,Swinging Strike,S,CH,Changeup,2,0,1,4,90.5,83.2,3.41,1.66,14,0.91,0.4164456873252673,6.546556324776093,0.8293574046427954,-0.8293574046427954,1.5389759286905378,3.5310240713094623,0.6284175741093913,1.324268208180077,27.6,8.4,24.0,-32.4,1.1,17.0,1923,250,False,False,False,0.0,0.0,,,,,,,,,,,,,,,
381,748542,2023-10-28T00:05:00Z,Globe Life Field,-5,Artificial Turf,Retractable,Roof Closed,73,"0 mph, None",42472,242,5,6,11,2023-10-28T04:08:43.565Z,2023-10-28T04:08:46.565Z,1,0,1,11,False,5,5,Adolis García,Right,Miguel Castro,Right,Ball,B,CH,Changeup,2,1,1,5,90.8,83.3,3.31920731725444,1.60985100140173,14,0.91,0.416103617854529,6.63055649060557,0.8293574046427954,-0.8293574046427954,1.4888269300922679,3.440231388563902,0.5661367490250833,0.16637201533641374,28.8,8.4,24.0,-32.9,0.5,17.9,2065,245,False,False,False,0.0,0.0,,,,,,,,,,,,,,,
382,748542,2023-10-28T00:05:00Z,Globe Life Field,-5,Artificial Turf,Retractable,Roof Closed,73,"0 mph, None",42472,242,5,6,11,2023-10-28T04:09:05.969Z,2023-10-28T04:09:31.033Z,1,0,1,11,False,5,5,Adolis García,Right,Miguel Castro,Right,"In play, run(s)",E,SI,Sinker,3,1,1,6,96.7,88.0,3.41,1.66,8,0.9,0.3908256586945047,6.539170117258215,0.8293574046427954,-0.8293574046427954,1.5389759286905378,3.5310240713094623,-0.1833908298451098,1.9395475991929232,37.2,7.2,24.0,-26.0,3.5,19.3,2142,246,False,False,False,0.0,0.0,0.9273947528981086,3.533862111043319,Home Run,home_run,Adolis Garcia homers (8) on a fly ball to right field.,HR,1.0,106.4,25.0,373.0,fly_ball,medium,9,207.34,71.47
